subject,Condition,valid,RewardRatio,Accuracy,Outliers,Include,notes,date1,t1,bias1,rhkey1,lnkey1,strt1_1,end_1_1,vldtrl1_1,rhct1_1,lnct1_1,corct1_1,rhcor1_1,lncor1_1,rwdct1_1,rhrwd1_1,lnrwd1_1,blthr1_1,abthr1_1,moout1_1,out_1_1,avT1_1,avrhT1_1,avlnT1_1,minT1_1,maxT1_1,sdT1_1,ac1_1,rhac1_1,lnac1_1,RB_pure1_1,RB_adjst_zeros1_1,RB_adjst_all1_1,dis_pure1_1,dis_adjst_zeros1_1,dis_adjst_all1_1,strt1_2,end_1_2,vldtrl1_2,rhct1_2,lnct1_2,corct1_2,rhcor1_2,lncor1_2,rwdct1_2,rhrwd1_2,lnrwd1_2,blthr1_2,abthr1_2,moout1_2,out_1_2,avT1_2,avrhT1_2,avlnT1_2,minT1_2,maxT1_2,sdT1_2,ac1_2,rhac1_2,lnac1_2,RB_pure1_2,RB_adjst_zeros1_2,RB_adjst_all1_2,dis_pure1_2,dis_adjst_zeros1_2,dis_adjst_all1_2,strt1_Total,end_1_Total,vldtrl1_Total,rhct1_Total,lnct1_Total,corct1_Total,rhcor1_Total,lncor1_Total,rwdct1_Total,rhrwd1_Total,lnrwd1_Total,blthr1_Total,abthr1_Total,moout1_Total,out_1_Total,avT1_Total,avrhT1_Total,avlnT1_Total,minT1_Total,maxT1_Total,sdT1_Total,ac1_Total,rhac1_Total,lnac1_Total,RB_pure1_Total,RB_adjst_zeros1_Total,RB_adjst_all1_Total,dis_pure1_Total,dis_adjst_zeros1_Total,dis_adjst_all1_Total,filter_.,Rb_diff,mat_subID,mat_condition,mat_valence,mat_arousal,mat_dominance,mat_yes,mat_RT,StartDate,EndDate,Status,IPAddress,Progress,Duration..in.seconds.,Finished,RecordedDate,ResponseId,RecipientLastName,RecipientFirstName,RecipientEmail,ExternalReference,LocationLatitude,LocationLongitude,DistributionChannel,Q42,Q44,Q46,Q1_1,Q1_2,Q1_3,Q1_4,Q1_5,Centrality_1,Centrality_2,Centrality_3,Centrality_4,Centrality_5,Centrality_6,Centrality_7,Centrality_8,Private_1,Private_2,Private_3,Private_4,Private_5,Private_6,Public_1,Public_2,Public_3,Public_4,Public_5,Public_6,Q2_1,Q2_2,Q2_3,Q2_4,Q4_1,Q4_2,Q4_3,Q4_4,Q4_5,Q4_6,Q4_7,Q4_8,Q4_9,Q4_10,Q4_11,Q4_12,Q4_13,Q4_14,Q4_15,Q4_16,Q4_17,Q4_18,Q4_19,Q4_20,Q4_21,Q4_22,Q4_23,Q4_24,Q4_25,Q4_26,Q4_27,Q4_28,Q4_29,Q4_30,Q4_31,Q4_32,Q4_33,Q4_34,Q4_35,Q4_36,Q4_37,Q4_38,Q4_39,Q4_40,Q4_41,Q4_42,Q4_43,Q4_44,Q4_45,Q4_46,Q4_47,Q4_48,Q4_49,Q4_50,Q4_51,Q4_52,Q4_53,Q4_54,Q4_55,Q4_56,Q4_57,Q4_58,Q4_62,Q4_59,Q4_60,Q4_61,Q49,Q50,Q52_1,Q52_2,Q52_5,Q52_3,Q52_4,Q52_6,Q52_7,Q52_8,Q52_9,Q52_10,Q52_11,Q52_12,Q52_13,Q52_14,Q52_15,Q52_16,Q52_17,Q52_18,Q52_19,Q52_20,Q52_21,Q52_22,Q52_23,Q52_24,Q52_25,Q54_1,Q54_2,Q54_3,Q54_4,Q54_5,Q54_6,Q54_7,Q54_8,Q54_9,Q54_10,Q54_11,Q54_12,Q54_13,Q54_14,Q54_15,Q54_16,Q54_17,Q54_18,Q54_19,Q54_20,Q21,Q22,Q23,Q24,Q25,Q26,Q27,Q28,Q29,Q30,Q31,Q32,Q33,Q34,Q35,Q36,Q37,Q38,Q39,Q40,Q41,D1,Q55,Q56,D2,D3,D4,D5,Q51_1,Q51_2,D6
10,2,1,1,1,1,1,NA,11/14/2016,11:25:35,long,m,c,1,100,95,50,45,80,44,36,40,30,10,1,2,2,5,562.747375,556.599976,569.577759,227,1359,213.825614,0.842105,0.88,0.8,0.131621,0.131621,0.125439,0.733681,0.733681,0.710008,101,200,99,50,49,78,41,37,39,30,9,0,1,0,1,475.565643,452.059998,499.551025,193,1318,195.22182,0.787879,0.82,0.755102,8.476,0.08476,0.081602,0.5737809,0.573781,0.558723,1,200,194,100,94,158,85,73,79,60,19,1,3,2,6,518.257751,504.329987,533.074463,193,1359,208.704271,0.814433,0.85,0.776596,0.106112,0.106112,0.103893,0.647216,0.647216,0.637742,1,-0.043837,10,2,7,6,7,0,8.895021846,11/14/16 10:49,11/14/16 11:56,0,128.111.240.87,100,4008,1,11/14/16 11:56,R_1DOpKYvK65ywdQ3,NA,NA,NA,NA,34.4329071,-119.8370972,anonymous,10,VM,NA,3,3,4,3,2,3,5,3,2,4,5,4,5,4,6,7,2,6,7,3,3,5,6,3,2,3,4,4,3,1,3,4,2,2,2,5,1,1,5,4,1,3,4,5,3,4,3,3,4,1,5,2,3,3,4,4,3,1,2,2,1,1,1,2,1,2,2,5,1,3,1,5,2,2,1,5,1,4,1,1,2,4,2,2,4,2,4,1,4,1,1,5,2,4,4,3,3,4,4,6,1,1,1,1,1,1,1,4,4,3,2,3,4,3,2,3,3,2,4,2,4,2,4,1,2,1,5,3,1,3,1,4,3,4,2,2,2,2,2,NA,NA,NA,NA,NA,,2,NA,NA,NA,NA,,1,0-1,1,0,1,2,0,0,1,4,2,2,19,Mexican/American,N/A,3,2,4/8/97
12,2,1,1,1,1,1,NA,11/15/2016,10:38:46,long,c,m,1,100,98,49,49,61,34,27,38,28,10,0,2,0,2,696.602051,730.591858,662.612244,225,1981,410.055989,0.622449,0.693878,0.55102,0.133223,0.133223,0.130169,0.222164,0.222164,0.217319,101,200,93,45,48,53,33,20,39,29,10,4,3,0,7,629.559143,704.755554,559.0625,201,2102,375.427392,0.569892,0.733333,0.416667,0.2927299,0.29273,0.285613,0.146602,0.146602,0.142522,1,200,191,94,97,114,67,47,77,57,20,4,5,0,9,663.95813,718.223389,611.371155,201,2102,393.506014,0.596859,0.712766,0.484536,0.210792,0.210792,0.208284,0.183919,0.183919,0.181687,1,0.155444,12,1,2,2,5,0,5.589696503,11/14/16 10:04,11/15/16 11:03,0,128.111.240.93,100,89969,1,11/15/16 11:03,R_2tigXokFljzjroM,NA,NA,NA,NA,34.4329071,-119.8370972,anonymous,13,azalia,NA,2,2,4,2,1,2,7,2,2,5,7,7,4,7,7,7,2,7,7,5,4,4,2,5,5,4,4,2,3,3,1,2,1,1,1,5,1,1,3,2,1,4,2,5,1,1,1,1,1,1,1,1,3,1,1,4,1,1,1,3,1,1,2,1,3,1,2,2,1,1,1,5,1,2,1,4,1,4,1,1,1,4,1,2,5,1,1,1,5,1,3,4,2,2,2,2,2,2,2,2,2,2,2,2,2,2,2,2,6,6,4,3,4,3,4,2,2,3,3,2,1,1,4,1,1,1,4,5,1,4,1,5,1,5,4,1,4,1,2,NA,NA,NA,NA,NA,,2,NA,NA,NA,NA,,1,0,0,9,1,5,2,0,2,1,2,2,18,hispanic,none,1,1,12/5/97
13,2,1,1,1,1,1,NA,11/15/2016,10:41:36,short,m,c,1,100,99,49,50,81,41,40,40,30,10,0,1,0,1,502.070709,487.612244,516.23999,227,1101,157.918612,0.818182,0.836735,0.8,0.053817,0.053817,0.051182,0.655877,0.655877,0.637447,101,200,96,49,47,76,41,35,39,30,9,1,2,1,4,544.5625,523.979614,566.021301,219,1337,204.809387,0.791667,0.836735,0.744681,0.122404,0.122404,0.117655,0.5872899,0.58729,0.570974,1,200,195,98,97,157,82,75,79,60,19,1,3,1,5,522.989746,505.795929,540.36084,219,1337,183.621196,0.805128,0.836735,0.773196,0.088528,0.088528,0.086603,0.621166,0.621166,0.612367,1,0.066473,13,2,8,5,7,0,4.485064071,11/15/16 10:00,11/15/16 11:04,0,128.111.240.91,100,3795,1,11/15/16 11:04,R_vc3p2pYSLTkiHNT,NA,NA,NA,NA,34.4329071,-119.8370972,anonymous,12,AMC,NA,4,2,3,5,2,5,5,2,2,4,4,5,2,6,6,6,1,6,7,2,2,6,6,3,4,1,2,4,5,2,1,2,1,4,1,1,1,3,2,2,2,1,4,1,1,1,2,1,1,3,2,5,1,4,4,1,1,3,1,4,2,4,4,1,1,1,4,1,1,3,1,1,1,4,1,1,1,1,5,2,1,1,1,4,2,4,2,2,2,2,3,6,2,1,1,1,1,2,1,1,1,1,1,1,1,1,1,1,1,1,1,1,1,1,1,1,1,1,1,2,1,1,1,1,1,1,1,1,1,1,1,1,1,1,3,1,1,1,2,NA,NA,NA,NA,NA,,2,NA,NA,NA,NA,,2,,NA,NA,1,0,8,0,2,2,1,2,18,Mexican American ,NA,3,2,12/06/19997
14,2,1,1,1,1,1,NA,11/15/2016,10:45:46,short,m,c,1,100,100,50,50,69,39,30,40,30,10,0,0,0,0,360.190002,377.5,342.880005,183,748,108.382105,0.69,0.78,0.6,0.18679,0.18679,0.181677,0.362882,0.362882,0.354223,101,200,99,50,49,77,46,31,40,30,10,0,0,1,1,291.515137,261.279999,322.36734,183,627,82.063583,0.777778,0.92,0.632653,0.412304,0.412304,0.391551,0.648394,0.648394,0.62269,1,200,199,100,99,146,85,61,80,60,20,0,0,1,1,326.025116,319.390015,332.727264,183,748,101.848663,0.733668,0.85,0.616162,0.273891,0.273891,0.26911,0.479437,0.479437,0.472524,1,0.209874,14,2,3,1,4,0,10.57824291,11/15/16 10:01,11/15/16 11:12,0,128.111.240.89,100,4256,1,11/15/16 11:12,R_BtXlbXp0uBPaZUd,NA,NA,NA,NA,34.4329071,-119.8370972,anonymous,15,GL,NA,3,1,3,1,1,4,6,2,3,5,6,5,2,6,5,5,5,6,5,3,3,5,3,5,5,2,2,4,1,3,4,4,1,2,2,3,1,2,5,3,2,2,2,3,2,1,3,1,2,2,3,4,4,4,1,2,1,2,1,3,3,1,3,1,2,1,4,1,1,5,1,5,1,3,1,3,1,3,4,1,1,3,2,1,2,4,4,1,2,1,2,7,2,3,2,2,2,1,1,1,1,1,1,1,1,1,2,2,3,3,2,3,2,3,2,3,3,1,3,2,3,2,2,1,1,1,3,2,1,3,1,3,1,3,4,4,4,1,2,NA,NA,NA,NA,NA,,2,NA,NA,NA,NA,,2,,NA,NA,2,,,,3,2,1,2,18,Mexican,None,1,1,1/22/98
15,1,1,1,1,1,1,NA,11/15/2016,10:45:42,short,m,c,1,100,99,49,50,78,43,35,38,28,10,0,1,0,1,678.858582,639.897949,717.039978,169,1782,328.232118,0.787879,0.877551,0.7,0.24367,0.24367,0.23284,0.611647,0.611647,0.592736,101,200,99,50,49,83,48,35,39,30,9,0,0,1,1,510.707062,487.899994,533.979614,221,1625,193.28611,0.838384,0.96,0.714286,0.491136,0.491136,0.449471,0.8890759,0.889076,0.838331,1,200,198,99,99,161,91,70,77,58,19,0,1,1,2,594.782837,563.131287,626.434326,169,1782,281.454386,0.813131,0.919192,0.707071,0.336626,0.336626,0.326818,0.719326,0.719326,0.705185,1,0.216631,15,1,2,4,7,1,4.431217814,11/15/16 10:03,11/15/16 11:14,0,128.111.240.85,100,4307,1,11/15/16 11:14,R_3RjDKltZu3hmp6x,NA,NA,NA,NA,34.4329071,-119.8370972,anonymous,14,CV ,NA,1,1,2,1,1,7,5,1,5,5,4,5,6,7,7,7,2,7,7,3,3,6,5,3,3,3,3,3,2,4,1,3,1,5,4,2,1,4,2,3,4,2,3,2,1,1,4,3,1,4,2,4,3,4,4,1,2,3,1,5,5,2,4,2,4,2,5,1,1,4,1,2,3,3,1,2,1,3,4,1,4,3,1,4,2,1,2,3,1,1,1,3,1,3,4,4,3,1,2,1,1,1,1,1,1,1,1,1,3,1,1,1,1,1,2,1,3,1,3,2,1,3,5,1,2,1,1,2,2,1,1,3,3,5,4,1,2,1,2,NA,NA,NA,NA,NA,,2,NA,NA,NA,NA,,2,,NA,NA,1,0,0,4,1,1,2,2,18,white/hispanic,Christian ,NA,6,3/18/98
16,1,1,1,1,1,1,NA,11/15/2016,10:47:08,short,m,c,1,100,100,50,50,93,47,46,40,30,10,0,0,0,0,643.340027,645.159973,641.52002,395,1128,160.468709,0.93,0.94,0.92,0.067139,0.067139,0.059193,1.127837,1.127837,1.073433,101,200,98,49,49,83,44,39,39,29,10,0,0,2,2,651.010193,632.775513,669.244873,429,1236,154.335689,0.846939,0.897959,0.795918,0.176709,0.176709,0.166295,0.7677739,0.767774,0.741703,1,200,198,99,99,176,91,85,79,59,20,0,0,2,2,647.136353,639.030273,655.242432,395,1236,157.082594,0.888889,0.919192,0.858586,0.13633,0.13633,0.130702,0.919621,0.919621,0.9013,1,0.107102,16,1,7,4,5,1,10.87051308,11/15/16 10:02,11/15/16 11:16,0,128.111.240.87,100,4438,1,11/15/16 11:16,R_Q04WJxkusTprAZz,NA,NA,NA,NA,34.4329071,-119.8370972,anonymous,16,IL,NA,2,3,2,1,1,4,6,4,2,6,7,7,2,7,7,6,1,7,6,6,6,2,4,6,5,2,5,5,3,1,1,2,4,2,1,4,1,1,5,3,1,3,2,5,2,1,4,2,4,1,4,1,3,4,1,3,1,2,1,4,4,2,3,1,3,1,3,4,1,4,1,4,1,1,1,3,1,2,3,2,1,3,1,1,3,3,2,2,3,1,2,5,1,1,1,1,1,1,1,1,1,1,1,1,2,1,2,2,1,1,1,1,2,1,1,1,1,1,2,1,2,1,3,1,1,1,2,3,1,3,1,2,3,3,4,1,2,1,2,NA,NA,NA,NA,NA,,2,NA,NA,NA,NA,,2,,NA,NA,1,2,4,5,2,1,2,2,18,Mexican American,,1,1,4/24/98
18,2,1,1,1,1,1,NA,11/15/2016,1:06:01,short,m,c,1,100,99,49,50,80,42,38,40,30,10,0,0,1,1,522.878784,526.061218,519.76001,233,1146,157.170452,0.808081,0.857143,0.76,0.138774,0.138774,0.132388,0.639377,0.639377,0.620939,101,200,100,50,50,73,42,31,40,30,10,0,0,0,0,502.25,493.619995,510.880005,218,1186,163.335954,0.73,0.84,0.62,0.253776,0.253776,0.245347,0.466384,0.466384,0.453623,1,200,199,99,100,153,84,69,80,60,20,0,0,1,1,512.512573,509.676758,515.320007,218,1186,160.211978,0.768844,0.848485,0.69,0.20035,0.20035,0.196425,0.547838,0.547838,0.5401,1,0.112959,18,2,9,5,5,1,8.411394656,11/15/16 11:18,11/15/16 13:27,0,128.111.240.91,100,7747,1,11/15/16 13:27,R_3qWkbBjdiF3TQBt,NA,NA,NA,NA,34.4329071,-119.8370972,anonymous,18,ans,NA,2,1,2,1,1,4,4,4,3,5,5,4,4,6,6,6,1,6,6,3,3,5,5,3,3,2,4,4,2,2,1,5,1,2,2,5,1,1,5,2,2,1,2,5,1,1,1,1,2,1,5,1,1,2,2,4,1,1,1,2,2,2,1,2,1,1,2,4,1,3,1,4,1,1,1,4,1,4,2,1,1,4,1,2,4,1,2,1,4,1,1,5,6,3,2,4,2,1,2,1,1,1,1,1,1,1,1,2,4,2,1,1,1,1,1,1,1,2,3,1,2,1,4,1,1,1,3,4,1,5,1,4,1,4,5,1,5,1,2,NA,NA,NA,NA,NA,,2,NA,NA,NA,NA,,1,2,2,4,2,,,,1,1,2,2,19,hispanic,catholic,4,4,3/18/97
20,2,1,1,1,1,1,NA,11/15/2016,1:09:20,long,c,m,1,100,98,50,48,83,41,42,39,30,9,0,1,1,2,625.76532,626.119995,625.395813,308,1521,228.372229,0.846939,0.82,0.875,-0.093278,-0.093278,-0.087576,0.75182,0.75182,0.7279,101,200,100,50,50,91,46,45,40,30,10,0,0,0,0,489.220001,498.660004,479.779999,256,1115,162.077895,0.91,0.92,0.9,5.3227999,0.053228,0.048296,1.00747,1.00747,0.965945,1,200,198,100,98,174,87,87,79,60,19,0,1,1,2,556.80304,562.390015,551.102051,256,1521,208.930073,0.878788,0.87,0.887755,-0.036275,-0.036275,-0.034818,0.861851,0.861851,0.846492,1,0.135872,20,2,2,6,5,1,6.281951059,11/15/16 11:24,11/15/16 13:35,0,128.111.240.89,100,7807,1,11/15/16 13:35,R_1Fneb2xFHQ2pegY,NA,NA,NA,NA,34.4329071,-119.8370972,anonymous,20,L.M.,NA,4,2,4,2,2,2,6,3,2,6,5,6,3,4,5,4,2,5,4,1,2,6,6,2,2,2,4,2,4,4,3,2,1,1,5,2,1,1,1,1,3,1,5,1,1,2,4,5,5,2,1,4,2,3,3,1,3,3,3,3,3,3,3,3,1,4,4,1,4,4,1,1,2,3,1,1,1,1,3,3,3,1,2,1,NA,1,1,2,1,1,1,4,1,1,1,1,1,1,1,1,1,1,1,1,1,1,1,1,1,1,1,1,1,1,1,1,1,1,1,1,1,1,1,1,1,1,1,1,1,1,1,1,1,1,1,1,1,1,2,NA,NA,NA,NA,NA,,2,NA,NA,NA,NA,,2,,NA,NA,1,0,7,2,2,2,1,2,20,mexican american,none,1,1,8/13/96
21,1,1,1,1,1,1,NA,11/15/2016,1:11:41,short,m,c,1,100,98,48,50,81,42,39,39,29,10,0,2,0,2,560.46936,551.395813,569.179993,231,1393,246.189678,0.826531,0.875,0.78,0.147713,0.147713,0.139788,0.697385,0.697385,0.675687,101,200,99,50,49,72,40,32,40,30,10,1,0,0,1,499.626251,482.480011,517.122437,158,1439,222.700986,0.727273,0.8,0.653061,0.1636789,0.163679,0.15871,0.438381,0.438381,0.427556,1,200,197,98,99,153,82,71,79,59,20,1,2,0,3,529.893372,516.23468,543.414124,158,1439,236.096999,0.77665,0.836735,0.717172,0.152797,0.152797,0.149754,0.556897,0.556897,0.549216,1,0.018922,21,1,2,5,7,0,5.00999252,11/15/16 11:27,11/15/16 13:38,0,128.111.240.87,100,7870,1,11/15/16 13:38,R_2wssILw9IfK5cQH,NA,NA,NA,NA,34.4329071,-119.8370972,anonymous,21,MR,NA,3,3,4,4,2,4,4,1,4,4,3,5,3,6,6,6,1,7,7,2,1,5,6,3,1,5,2,2,5,5,1,3,3,5,2,2,1,5,2,5,5,5,5,1,4,1,1,2,4,5,1,5,2,5,5,1,2,2,1,5,5,5,5,2,5,1,5,1,1,5,1,1,2,5,2,1,1,1,5,5,1,1,2,1,1,3,1,3,3,5,3,6,3,1,2,1,2,1,2,1,1,1,1,1,1,1,1,1,3,1,1,4,2,6,2,2,2,2,3,1,2,1,3,1,1,2,1,1,3,1,1,1,3,5,2,1,1,1,2,NA,NA,NA,NA,NA,,2,NA,NA,NA,NA,,2,,NA,NA,2,,,,2,1,2,2,21,MEXICANA,None,4,2,2/1/95
23,2,0,0,0,0,0,NA,11/15/2016,2:26:54,short,c,m,1,100,81,40,41,47,28,19,30,22,8,18,0,1,19,293.543213,313.625,273.951233,155,859,144.06873,0.580247,0.7,0.463415,0.215823,0.215823,0.210041,0.152154,0.152154,0.147893,101,200,57,27,30,25,15,10,17,13,4,43,0,0,43,339.192993,324.740753,352.200012,150,761,125.555287,0.438596,0.555556,0.333333,0.19897,0.19897,0.191993,-0.10206,-0.10206,-0.098571,1,200,138,67,71,72,43,29,47,35,12,61,0,1,62,312.39856,318.104492,307.014099,150,859,136.082909,0.521739,0.641791,0.408451,0.207054,0.207054,0.203945,0.046203,0.046203,0.045378,0,-0.018048,23,2,8,2,9,1,8.890507328,11/15/16 13:49,11/15/16 14:51,0,128.111.240.87,100,3725,1,11/15/16 14:51,R_s5UJGfwGtBtHdx7,NA,NA,NA,NA,34.4329071,-119.8370972,anonymous,26,tnc,NA,1,1,1,1,1,4,4,2,2,4,4,4,4,6,6,4,4,5,4,4,4,4,4,4,4,3,2,1,4,1,1,1,2,4,3,1,1,1,1,2,1,1,1,1,1,2,5,1,NA,2,2,2,3,2,1,1,2,2,1,2,3,2,4,2,4,2,5,1,1,2,1,1,1,5,2,1,1,1,3,1,1,1,1,1,1,3,1,1,1,1,5,6,2,1,1,1,1,1,NA,1,1,1,1,1,1,1,1,1,1,1,1,1,1,1,1,1,1,1,2,1,1,2,1,1,1,1,1,1,1,1,1,1,1,1,1,2,1,1,2,NA,NA,NA,NA,NA,,2,NA,NA,NA,NA,,1,1,0,6,1,4,2,0,1,1,2,2,19,Hispanic,Catholic,3,1,5/23/97
24,1,0,0,1,0,0,NA,11/15/2016,2:28:14,long,m,c,1,100,74,34,40,52,25,27,30,22,8,26,0,0,26,507.635132,523.029419,494.549988,152,1559,316.379665,0.702703,0.735294,0.675,0.063139,0.063139,0.059909,0.380559,0.380559,0.368908,101,200,72,35,37,45,19,26,26,19,7,28,0,0,28,361.569458,363.600006,359.648651,150,739,121.632401,0.625,0.542857,0.702703,-0.149474,-0.149474,-0.144999,0.224107,0.224107,0.217549,1,200,146,69,77,97,44,53,56,41,15,54,0,0,54,435.602753,442.159424,429.727264,150,1559,247.121631,0.664384,0.637681,0.688312,-0.049276,-0.049276,-0.048684,0.294789,0.294789,0.290504,0,-0.204908,24,1,4,3,5,1,4.910369833,11/15/16 13:41,11/15/16 14:52,0,128.111.240.89,100,4262,1,11/15/16 14:52,R_3OryAElTRQtVCm7,NA,NA,NA,NA,34.4329071,-119.8370972,anonymous,24,GLV,NA,4,5,5,1,1,1,7,6,1,7,7,7,5,6,7,7,1,7,7,4,3,6,5,5,5,4,3,3,4,4,5,3,1,5,5,2,3,5,2,5,5,5,5,3,4,1,5,1,2,5,2,5,5,3,1,1,4,4,4,4,4,4,4,4,4,1,5,2,1,1,1,2,2,4,2,2,2,2,4,2,1,2,1,1,2,1,1,3,3,3,5,7,8,6,1,14,1,4,1,4,1,1,1,1,1,1,1,3,14,14,14,14,6,6,1,3,3,2,3,3,3,2,2,4,4,1,2,3,3,2,4,3,3,5,5,1,2,3,2,NA,NA,NA,NA,NA,,2,NA,NA,NA,NA,,2,,NA,NA,1,0,14,10,1,3,2,2,18,Mexican American,Roman Catholic,1,1,4/14/98
26,2,1,0,1,0,0,NA,11/15/2016,2:29:47,short,c,m,1,100,86,41,45,51,28,23,29,22,7,14,0,0,14,370.546509,401.853668,342.022217,153,1436,211.93589,0.593023,0.682927,0.511111,0.156955,0.156955,0.152813,0.17626,0.17626,0.171698,101,200,81,43,38,54,33,21,34,26,8,18,0,1,19,353.469147,328.093018,382.184204,152,1483,201.260878,0.666667,0.767442,0.552632,0.213372,0.213372,0.207228,0.305142,0.305142,0.296628,1,200,167,84,83,105,61,44,63,48,15,32,0,1,33,362.263458,364.095245,360.409637,152,1483,206.295617,0.628743,0.72619,0.53012,0.185607,0.185607,0.183022,0.237995,0.237995,0.234785,0,0.054415,26,2,2,3,2,0,6.773367413,11/15/16 13:34,11/15/16 15:00,0,128.111.240.93,100,5166,1,11/15/16 15:00,R_DfaeFsY2Rg5pSzT,NA,NA,NA,NA,34.4329071,-119.8370972,anonymous,23,AA,NA,1,1,1,3,1,3,5,4,4,4,4,4,6,6,7,6,1,7,6,5,6,3,4,6,5,2,5,3,2,1,1,3,1,2,1,3,1,1,2,3,1,1,1,5,1,1,1,1,1,1,5,2,1,2,2,3,1,1,1,1,1,1,1,1,1,1,2,3,1,4,1,4,1,1,1,3,1,4,3,3,1,2,1,1,3,3,3,4,5,1,1,4,7,1,2,1,1,1,2,1,1,1,1,1,1,1,2,1,1,1,1,2,1,1,1,1,1,2,1,1,2,1,4,2,1,1,3,5,2,5,1,2,1,5,4,1,3,1,2,NA,NA,NA,NA,NA,,2,NA,NA,NA,NA,,1,3,4,6,1,0,6,0,1,1,2,1,18,Hispanic,Catholic,5,5,2/3/98
27,1,1,1,1,1,1,NA,11/16/2016,10:06:27,short,m,c,1,100,99,49,50,87,44,43,39,29,10,0,0,1,1,388.23233,385.510193,390.899994,175,886,154.283082,0.878788,0.897959,0.86,0.078056,0.078056,0.072285,0.866427,0.866427,0.835713,101,200,99,50,49,87,41,46,40,30,10,0,0,1,1,377.959595,379.899994,375.979584,166,816,113.516422,0.878788,0.82,0.938776,-0.263548,-0.263548,-0.24153,0.922089,0.922089,0.881855,1,200,198,99,99,174,85,89,79,59,20,0,0,2,2,383.095947,382.676758,383.515137,166,886,135.198703,0.878788,0.858586,0.89899,-0.08305,-0.08305,-0.080018,0.86634,0.86634,0.850616,1,-0.313815,27,1,5,7,7,1,6.65704269,11/16/16 9:39,11/16/16 10:29,0,128.111.240.91,100,2975,1,11/16/16 10:29,R_3MfzPFiMYjNCmum,NA,NA,NA,NA,34.4329071,-119.8370972,anonymous,27,AW,NA,2,1,3,2,1,6,5,1,7,6,5,3,7,6,6,6,1,6,6,5,5,3,5,4,3,4,4,3,4,2,2,4,2,4,3,5,4,1,4,4,3,2,2,4,1,1,2,2,4,2,4,3,2,3,3,3,2,1,1,4,3,2,3,4,1,3,4,4,2,1,1,4,1,2,2,3,3,3,4,2,2,3,1,3,4,2,2,1,4,1,2,8,11,4,3,2,3,1,1,1,1,1,1,1,1,1,1,1,1,1,1,1,1,1,2,1,1,1,2,2,2,3,3,1,1,1,2,4,1,3,1,4,2,3,3,1,2,1,2,NA,NA,NA,NA,NA,,2,NA,NA,NA,NA,,2,,NA,NA,1,0,10-Jul,7,1,1,2,2,18,Mexican American ,spiritual ,3,5,5/18/98
28,2,1,1,1,0,0,NA,11/16/2016,10:09:45,short,m,c,1,100,87,46,41,60,37,23,36,26,10,12,0,1,13,464.93103,509.021729,415.463409,151,1229,170.296521,0.689655,0.804348,0.560976,0.253752,0.253752,0.246206,0.360207,0.360207,0.350102,101,200,81,41,40,46,34,12,34,26,8,19,0,0,19,468.098755,469.097565,467.075012,150,1438,217.609724,0.567901,0.829268,0.3,0.5271789,0.527179,0.510346,0.159202,0.159202,0.152411,1,200,168,87,81,106,71,35,70,52,18,31,0,1,32,466.458344,490.206909,440.950623,150,1438,194.904379,0.630952,0.816092,0.432099,0.382914,0.382914,0.377023,0.264224,0.264224,0.259799,0,0.26414,28,2,8,8,7,0,6.068878248,11/16/16 9:40,11/16/16 10:36,0,128.111.240.93,100,3358,1,11/16/16 10:36,R_3rUPHQLLV32e4nS,NA,NA,NA,NA,34.4329071,-119.8370972,anonymous,28,JAM,NA,4,4,4,1,1,3,6,3,4,5,7,5,2,7,7,7,1,7,6,5,4,5,5,4,4,4,3,3,5,3,3,3,2,2,2,3,1,2,3,3,4,1,1,2,3,1,2,1,1,2,2,3,1,1,1,2,1,1,1,5,3,1,2,1,2,1,3,2,1,2,1,3,1,1,1,2,1,3,3,3,1,3,1,1,1,2,2,1,2,1,4,7,2,1,1,1,1,1,1,1,1,1,1,1,1,1,1,1,3,2,1,2,1,1,1,1,1,1,1,2,2,1,2,1,2,1,2,3,1,1,1,1,2,3,1,1,1,1,2,NA,NA,NA,NA,NA,,2,NA,NA,NA,NA,,2,,NA,NA,2,,,,2,3,2,1,18,Mexican,,3,2,8/23/98
29,1,1,1,1,1,1,NA,11/16/2016,10:12:10,short,m,c,1,100,99,49,50,77,43,34,39,29,10,0,0,1,1,471.797974,463.428558,480,256,963,141.783658,0.777778,0.877551,0.68,0.263979,0.263979,0.25262,0.591338,0.591338,0.572956,101,200,100,50,50,86,48,38,40,30,10,0,0,0,0,542.599976,529.539978,555.659973,294,1093,175.366456,0.86,0.96,0.76,0.4398039,0.439804,0.399626,0.9404069,0.940407,0.888176,1,200,199,99,100,163,91,72,79,59,20,0,0,1,1,507.376892,496.818176,517.830017,256,1093,162.952204,0.819095,0.919192,0.72,0.322888,0.322888,0.313255,0.733063,0.733063,0.718748,1,0.147006,29,1,6,4,6,0,3.89539317,11/16/16 9:42,11/16/16 10:39,0,128.111.240.87,100,3422,1,11/16/16 10:39,R_1jOMQ4QybiNKKjz,NA,NA,NA,NA,34.4329071,-119.8370972,anonymous,30,J.R.,NA,1,2,1,1,1,2,6,1,2,6,6,6,5,6,6,5,1,7,5,3,5,5,3,5,2,2,4,3,3,4,1,5,1,1,1,4,1,1,4,3,1,1,2,5,1,1,1,1,2,1,4,4,1,1,1,3,1,1,1,3,2,1,2,1,1,1,2,4,1,2,1,5,1,1,1,4,1,3,1,1,1,4,1,1,4,1,4,3,4,1,1,6,2,3,6,2,2,1,6,1,1,1,1,1,1,1,1,1,1,1,1,1,1,1,1,1,3,1,4,1,2,2,3,1,1,1,2,3,1,4,1,4,4,4,4,5,3,1,2,NA,NA,NA,NA,NA,,2,NA,NA,NA,NA,,2,,NA,NA,2,,,,1,1,2,2,18,Latina / Mexican - American,Roman Catholic,4,4,3/20/98
30,2,1,1,1,1,1,NA,11/16/2016,10:13:38,long,c,m,1,100,99,50,49,82,42,40,39,30,9,0,0,1,1,454.868683,448.799988,461.061218,236,918,127.639933,0.828283,0.84,0.816327,0.036171,0.036171,0.034619,0.683988,0.683988,0.664351,101,200,100,50,50,89,44,45,40,30,10,0,0,0,0,408.519989,374.339996,442.700012,182,776,117.120544,0.89,0.88,0.9,-4.447099,-0.044471,-0.041101,0.909772,0.909772,0.876548,1,200,199,100,99,171,86,85,79,60,19,0,0,1,1,431.577881,411.570007,451.787872,182,918,124.363274,0.859297,0.86,0.858586,0.00254,0.00254,0.002525,0.785831,0.785831,0.773123,1,-0.07572,30,2,7,7,6,1,5.294090478,11/16/16 9:41,11/16/16 10:42,0,128.111.240.89,100,3642,1,11/16/16 10:42,R_1MRoHKxdgI24Fci,NA,NA,NA,NA,34.4329071,-119.8370972,anonymous,29,JG,NA,2,1,2,3,1,4,3,2,4,5,6,4,4,7,7,7,1,7,6,3,3,5,5,3,3,4,3,3,3,4,1,3,2,2,3,2,1,2,3,4,2,1,2,1,1,1,1,2,1,2,3,2,1,2,2,1,1,1,1,3,4,2,2,2,2,3,4,3,1,3,1,2,2,3,2,2,1,2,1,3,2,2,2,2,2,3,1,2,1,1,2,2,1,1,2,2,2,1,2,1,1,1,1,1,3,2,2,2,3,4,2,3,3,3,1,2,2,1,4,2,3,1,2,1,1,1,2,2,1,3,1,2,2,3,3,2,3,1,2,NA,NA,NA,NA,NA,,2,NA,NA,NA,NA,,2,,NA,NA,1,0,2,6,1,3,1,1,19,Mexican American/ Latino,none,2,1,5/7/97
31,2,1,1,1,1,1,NA,11/16/2016,10:12:20,long,c,m,1,100,99,50,49,82,38,44,38,28,10,0,0,1,1,383.131317,391.619995,374.469391,203,724,109.862784,0.828283,0.76,0.897959,-0.22194,-0.22194,-0.209723,0.722543,0.722543,0.698274,101,200,94,47,47,62,29,33,38,28,10,6,0,0,6,344.957458,339.936157,349.978729,158,731,123.814615,0.659574,0.617021,0.702128,-8.262999,-0.08263,-0.080513,0.289756,0.289756,0.283164,1,200,193,97,96,144,67,77,76,56,20,6,0,1,7,364.538849,366.577332,362.479156,158,731,118.254771,0.746114,0.690722,0.802083,-0.129392,-0.129392,-0.127132,0.478345,0.478345,0.472136,1,0.12921,31,2,8,5,7,0,9.757745886,11/16/16 9:42,11/16/16 10:42,0,128.111.240.85,100,3609,1,11/16/16 10:42,R_3J2Dy6DInLCVYbN,NA,NA,NA,NA,34.4329071,-119.8370972,anonymous,31,OE,NA,2,3,3,2,1,2,6,2,5,7,6,6,1,6,7,6,1,7,7,3,2,4,5,5,4,2,5,4,2,1,1,5,2,2,1,4,2,1,5,2,1,1,1,4,2,1,1,1,1,1,5,1,2,1,1,4,1,1,1,1,1,1,1,1,1,1,3,4,1,1,1,4,1,3,1,5,1,4,1,1,2,3,1,1,2,1,3,1,5,1,1,7,1,1,2,2,2,2,2,2,1,1,1,2,2,2,2,2,3,2,2,1,2,2,3,3,2,1,4,5,4,1,4,1,1,1,4,4,1,3,1,3,1,4,4,1,4,1,2,NA,NA,NA,NA,NA,,2,NA,NA,NA,NA,,1,0,0,4,1,0,1,0,2,1,2,1,20,Mexican American,Catholic,1,1,5/2/96
32,2,1,1,1,1,1,NA,11/16/2016,11:24:36,short,c,m,1,100,98,49,49,66,30,36,34,25,9,1,1,0,2,437.816315,468.061218,407.571442,180,1319,200.299541,0.673469,0.612245,0.734694,-0.121996,-0.121996,-0.118847,0.320363,0.320363,0.313112,101,200,99,50,49,68,37,31,39,30,9,0,0,1,1,534.040405,534.5,533.571411,245,1517,200.411744,0.686869,0.74,0.632653,0.109085,0.109085,0.106279,0.3451739,0.345174,0.337418,1,200,197,99,98,134,67,67,73,55,18,1,1,1,3,486.172577,501.61615,470.571442,180,1517,205.504528,0.680203,0.676768,0.683673,-0.006894,-0.006894,-0.006786,0.327819,0.327819,0.324207,1,0.225126,32,2,5,3,4,0,9.278158443,11/16/16 10:41,11/16/16 11:51,0,128.111.240.91,100,4202,1,11/16/16 11:51,R_28zE0pr8MxYk24q,NA,NA,NA,NA,34.4329071,-119.8370972,anonymous,32,AC,NA,3,4,5,1,4,3,3,4,5,4,4,4,3,5,5,7,2,4,6,4,2,5,5,3,3,4,2,5,4,4,2,2,4,5,2,1,1,2,1,5,3,2,3,2,2,4,5,1,3,4,1,4,1,5,3,1,1,3,1,5,5,5,4,4,3,1,5,1,2,3,1,1,1,4,5,1,1,1,5,4,1,1,3,4,1,2,1,3,1,1,4,4,2,1,2,1,1,1,6,1,1,1,1,1,1,1,1,1,6,14,4,4,6,4,1,1,3,1,2,2,1,3,1,1,3,4,1,1,5,1,1,1,4,1,2,3,1,4,2,NA,NA,NA,NA,NA,,2,NA,NA,NA,NA,,1,02-Jan,0,0,1,0,6,0,1,4,1,2,19,Latina,Agnostic,1,2,9/27/97
33,2,1,1,1,1,1,NA,11/16/2016,11:27:52,short,c,m,1,100,99,50,49,74,38,36,39,30,9,0,0,1,1,494.585846,472.799988,516.816345,183,1583,218.743197,0.747475,0.76,0.734694,0.029122,0.029122,0.028296,0.471481,0.471481,0.460255,101,200,99,50,49,74,42,32,40,30,10,0,1,0,1,514.38385,448.119995,582,164,1244,204.270306,0.747475,0.84,0.653061,0.222729,0.222729,0.215062,0.4974299,0.49743,0.483908,1,200,198,100,98,148,80,68,79,60,19,0,1,1,2,504.484863,460.459991,549.408142,164,1583,211.328907,0.747475,0.8,0.693878,0.123336,0.123336,0.121326,0.478724,0.478724,0.472716,1,0.186766,33,2,2,3,3,1,7.115164168,11/16/16 11:08,11/16/16 11:54,0,128.111.240.93,100,2814,1,11/16/16 11:54,R_AuFwPk3yH4n6437,NA,NA,NA,NA,34.4329071,-119.8370972,anonymous,33,DR,NA,4,2,5,1,2,1,7,7,1,7,7,7,3,7,7,5,1,7,6,1,1,7,7,2,2,3,4,3,4,4,3,1,5,5,1,2,1,5,1,5,5,1,5,2,2,1,2,1,1,3,1,5,1,5,5,1,2,4,2,5,5,5,5,2,5,2,4,1,1,1,1,1,1,1,3,1,1,1,3,5,2,1,2,4,1,1,1,1,1,1,1,2,1,3,2,3,2,3,2,2,1,1,1,2,1,1,1,6,14,14,14,14,14,14,2,2,3,3,1,3,1,2,1,1,2,1,1,1,1,4,4,1,2,1,2,2,1,4,2,NA,NA,NA,NA,NA,,2,NA,NA,NA,NA,,2,,NA,NA,1,0,1,0,2,5,2,2,20,Hispanic,Catholic,1,1,7/24/96
34,2,1,1,1,1,1,NA,11/16/2016,11:29:32,long,m,c,1,100,100,50,50,82,42,40,40,30,10,0,0,0,0,563.51001,627.52002,499.5,158,1984,346.500732,0.82,0.84,0.8,0.05905,0.05905,0.056352,0.66111,0.66111,0.642618,101,200,93,47,46,60,30,30,37,27,10,2,5,0,7,661.010742,691.638306,629.717407,160,2441,412.608247,0.645161,0.638298,0.652174,-1.3164,-0.013164,-0.012777,0.2598369,0.259837,0.254039,1,200,193,97,96,142,72,70,77,57,20,2,5,0,7,610.492249,658.587646,561.895813,158,2441,383.049154,0.735751,0.742268,0.729167,0.014634,0.014634,0.014427,0.444759,0.444759,0.439371,1,-0.069129,34,2,1,6,5,1,9.607909015,11/16/16 10:52,11/16/16 11:56,0,128.111.240.85,100,3842,1,11/16/16 11:56,R_2y2S1BTs6ltlCv0,NA,NA,NA,NA,34.4329071,-119.8370972,anonymous,36,RSI,NA,3,4,4,3,1,1,7,7,1,7,7,7,1,7,7,7,1,7,7,2,2,5,6,2,4,3,3,3,4,4,1,2,1,2,1,2,1,1,2,3,2,1,1,1,3,1,3,1,1,2,2,1,1,2,2,1,2,1,1,3,3,1,2,1,2,1,3,1,1,4,1,4,1,1,3,2,1,1,2,1,1,3,1,1,2,3,1,2,2,1,3,4,3,1,2,2,2,1,2,3,1,3,1,2,2,3,2,2,6,14,4,6,4,4,1,1,3,1,2,2,3,1,2,4,2,1,2,1,2,3,2,3,3,4,4,2,3,1,2,NA,NA,NA,NA,NA,,2,NA,NA,NA,NA,,1,1,0,0,1,0,2,2,1,2,1,2,18,hispanic,catholic,2,1,12/19/97
35,2,1,1,1,1,1,NA,11/16/2016,11:31:09,short,c,m,1,100,99,50,49,75,34,41,39,29,10,0,0,1,1,473.393951,475.079987,471.673462,199,873,137.624861,0.757576,0.68,0.836735,-0.191167,-0.191167,-0.184147,0.518526,0.518526,0.504482,101,200,98,50,48,79,41,38,40,30,10,0,0,2,2,475.030609,427.480011,524.5625,221,872,142.764371,0.806122,0.82,0.791667,3.9378999,0.039379,0.038027,0.6191619,0.619162,0.602298,1,200,197,100,97,154,75,79,79,59,20,0,0,3,3,474.20813,451.279999,497.845367,199,873,139.867785,0.781726,0.75,0.814433,-0.082617,-0.082617,-0.080894,0.559738,0.559738,0.552301,1,0.222174,35,2,4,3,3,1,8.607262631,11/16/16 10:49,11/16/16 11:57,0,128.111.240.89,100,4089,1,11/16/16 11:57,R_3kCj8zTBrkRalGI,NA,NA,NA,NA,34.4329071,-119.8370972,anonymous,34,EF,NA,3,3,4,1,1,1,7,6,1,7,7,7,1,7,7,7,1,7,7,2,2,6,7,3,3,3,4,3,5,4,1,3,3,4,1,3,1,1,2,1,4,2,2,3,1,3,4,1,1,2,2,1,1,4,1,3,1,3,1,5,3,3,3,1,3,4,4,2,1,3,1,3,1,3,1,2,1,3,4,2,1,2,1,1,2,3,2,4,2,3,1,6,2,4,2,2,3,1,2,1,1,1,1,1,1,1,1,1,3,2,3,1,4,1,6,4,4,1,3,1,3,1,1,1,1,1,2,3,1,2,1,2,1,3,3,1,1,1,2,NA,NA,NA,NA,NA,,2,NA,NA,NA,NA,,1,0,0,2,1,2,3,4,2,2,1,2,19,Mexican-American,seventh-day adventist,4,1,1/16/97
36,1,1,1,1,1,1,NA,11/16/2016,11:30:16,long,m,c,1,100,97,49,48,74,34,40,40,30,10,2,0,1,3,372.896912,357.224487,388.895844,159,844,137.427997,0.762887,0.693878,0.833333,-0.171791,-0.171791,-0.165274,0.527179,0.527179,0.512762,101,200,100,50,50,80,43,37,40,30,10,0,0,0,0,465.25,425.279999,505.220001,185,1101,147.539098,0.8,0.86,0.74,0.167056,0.167056,0.159865,0.621314,0.621314,0.603563,1,200,197,99,98,154,77,77,80,60,20,2,0,1,3,419.776642,391.595947,448.244904,159,1101,149.450084,0.781726,0.777778,0.785714,-0.010102,-0.010102,-0.009872,0.55417,0.55417,0.546991,1,0.325139,36,1,5,3,5,0,10.52026503,11/16/16 10:50,11/16/16 12:03,0,128.111.240.87,100,4360,1,11/16/16 12:03,R_2wHolwL8N3Nh6s3,NA,NA,NA,NA,34.4329071,-119.8370972,anonymous,35,jajc,NA,3,2,3,4,1,5,5,2,3,5,6,3,5,5,6,7,2,6,6,2,5,3,5,5,2,2,4,3,2,2,1,4,1,1,2,4,1,1,4,2,1,2,2,3,2,1,2,1,2,1,3,2,3,3,1,3,1,2,1,2,1,1,1,1,1,1,3,4,1,3,1,3,1,1,2,2,1,2,4,1,1,4,1,2,4,3,3,2,4,1,2,7,2,3,1,2,1,1,2,2,1,1,1,1,1,1,1,1,3,4,1,2,2,1,2,1,1,1,3,1,2,1,2,1,1,1,1,3,2,3,1,4,1,3,3,1,2,1,2,NA,NA,NA,NA,NA,,2,NA,NA,NA,NA,,2,,NA,NA,2,,,,1,2,1,1,18,hispanic,christian,2,2,5/6/98
37,2,1,1,1,1,1,NA,11/17/2016,10:19:52,long,m,c,1,100,97,49,48,75,42,33,40,30,10,3,0,0,3,434.030914,416.36734,452.0625,155,1452,211.845639,0.773196,0.857143,0.6875,0.217864,0.217864,0.209307,0.560287,0.560287,0.54402,101,200,97,48,49,63,33,30,38,28,10,2,0,1,3,555.597961,588.625,523.244873,154,1292,249.899481,0.649485,0.6875,0.612245,7.2027999,0.072028,0.070224,0.270395,0.270395,0.264489,1,200,194,97,97,138,75,63,78,58,20,5,0,1,6,494.814423,501.608246,488.02063,154,1452,238.738975,0.71134,0.773196,0.649485,0.132388,0.132388,0.130405,0.40025,0.40025,0.39536,1,-0.139083,37,2,4,2,7,1,7.307202451,11/17/16 9:40,11/17/16 10:45,0,128.111.240.93,100,3930,1,11/17/16 10:45,R_28ZZgPArGi4lyWl,NA,NA,NA,NA,34.4329071,-119.8370972,anonymous,38,DR,NA,1,1,2,1,1,3,5,4,3,5,6,5,4,6,6,6,1,7,6,5,5,6,5,4,5,4,3,3,4,2,2,3,2,4,1,3,2,2,3,4,2,2,2,3,2,2,2,1,2,2,3,3,2,2,2,2,1,2,2,2,2,2,2,2,2,2,2,1,1,3,1,4,1,3,2,3,1,2,4,2,3,2,1,2,2,2,2,3,2,2,3,5,3,1,3,4,3,2,3,1,1,1,1,1,1,1,1,1,1,2,2,2,3,2,3,3,3,1,3,4,2,1,2,2,2,1,2,2,2,3,1,2,3,3,3,3,3,2,2,NA,NA,NA,NA,NA,,2,NA,NA,NA,NA,,2,,NA,NA,1,0,1,0,1,1,2,2,20,Mexican/hispanic,Catholic,3,3,7/28/96
38,2,1,1,1,1,1,NA,11/17/2016,10:23:00,short,c,m,1,100,100,50,50,81,39,42,37,27,10,0,0,0,0,458.929993,480.920013,436.940002,195,1211,182.022601,0.81,0.78,0.84,-0.085244,-0.085244,-0.081535,0.634916,0.634916,0.617435,101,200,100,50,50,76,47,29,40,30,10,0,0,0,0,431.329987,422.320007,440.339996,193,1013,165.941334,0.76,0.94,0.58,0.5273989,0.527399,0.497621,0.667578,0.667578,0.635005,1,200,200,100,100,157,86,71,77,57,20,0,0,0,0,445.130005,451.619995,438.640015,193,1211,174.279488,0.785,0.86,0.71,0.199755,0.199755,0.195582,0.588615,0.588615,0.580066,1,0.579156,38,2,6,5,6,1,8.223930522,11/17/16 9:39,11/17/16 10:46,0,128.111.240.91,100,4049,1,11/17/16 10:46,R_1OW6NFMWLnjR5sM,NA,NA,NA,NA,34.4329071,-119.8370972,anonymous,37,AKC,NA,1,1,1,1,1,2,6,3,3,6,4,7,5,7,7,7,1,7,7,6,6,2,3,6,6,3,4,4,3,2,4,5,1,2,1,5,2,1,5,3,2,1,1,4,1,2,3,1,1,1,5,1,1,3,2,4,1,1,1,2,1,1,2,1,2,1,3,4,1,3,1,5,1,1,1,3,1,3,1,1,1,4,1,1,4,1,1,2,3,1,4,7,5,4,3,3,6,2,1,1,1,1,1,1,1,1,1,1,3,2,1,2,3,1,1,1,1,1,4,1,1,1,3,1,1,1,4,3,1,1,1,3,1,2,4,1,5,1,2,NA,NA,NA,NA,NA,,2,NA,NA,NA,NA,,1,1,0,5,2,,,,1,2,1,2,18,African American/Mexican,Christian,2,3,9/28/98
39,1,1,1,1,1,1,NA,11/17/2016,10:25:12,long,m,c,1,100,97,50,47,81,44,37,39,30,9,0,1,2,3,484.206177,488.359985,479.787231,236,1116,155.978044,0.835052,0.88,0.787234,0.14855,0.14855,0.141302,0.716752,0.716752,0.694144,101,200,100,50,50,77,45,32,40,30,10,0,0,0,0,413.23999,382.459991,444.019989,218,877,125.918373,0.77,0.9,0.64,0.352183,0.352183,0.336469,0.60206,0.60206,0.58118,1,200,197,100,97,158,89,69,79,60,19,0,1,2,3,448.182739,435.410004,461.350525,218,1116,145.730691,0.80203,0.89,0.71134,0.258153,0.258153,0.251993,0.649844,0.649844,0.639133,1,0.195167,39,1,8,8,7,1,10.07878031,11/17/16 9:40,11/17/16 10:46,0,128.111.240.89,100,3951,1,11/17/16 10:46,R_1I3EidwTYkTowx4,NA,NA,NA,NA,34.4329071,-119.8370972,anonymous,39,MM,NA,2,1,1,3,1,6,2,1,6,2,2,2,6,3,6,5,1,7,3,5,3,6,5,3,5,3,4,4,2,1,1,4,1,1,1,3,1,1,5,1,1,1,1,5,1,1,1,1,1,1,5,1,2,1,1,5,1,3,1,1,1,1,1,2,1,1,2,4,1,1,1,4,1,1,1,5,1,5,1,1,1,5,1,1,5,1,4,5,5,1,3,6,3,2,3,1,6,1,6,1,1,1,1,1,1,1,1,1,1,1,1,1,1,1,1,1,1,1,3,3,4,1,5,1,1,1,4,4,1,1,1,4,1,1,4,1,5,1,2,NA,NA,NA,NA,NA,,2,NA,NA,NA,NA,,1,0,0,0,2,,,,1,1,2,2,19,Mexican-American; Filipino,Christian,5,4,2/4/97
43,1,1,1,1,1,1,NA,11/17/2016,11:43:25,long,c,m,1,100,95,48,47,83,41,42,40,30,10,5,0,0,5,360.757904,349.583344,372.170227,152,668,116.008421,0.873684,0.854167,0.893617,-0.078297,-0.078297,-0.07252,0.845983,0.845983,0.815507,101,200,99,49,50,80,38,42,40,30,10,0,0,1,1,408.929291,427.816315,390.420013,151,860,126.403015,0.808081,0.77551,0.84,-9.0884,-0.090884,-0.087104,0.629275,0.629275,0.611866,1,200,194,97,97,163,79,84,80,60,20,5,0,1,6,385.34021,389.103088,381.577332,151,860,123.325519,0.840206,0.814433,0.865979,-0.083991,-0.083991,-0.081664,0.726345,0.726345,0.714859,1,-0.014584,43,1,5,3,5,0,3.52450521,11/17/16 10:53,11/17/16 12:05,0,128.111.240.89,100,4313,1,11/17/16 12:05,R_2CsjPEY1IJdOokB,NA,NA,NA,NA,34.4329071,-119.8370972,anonymous,44,JM,NA,3,3,3,3,3,2,6,2,2,6,6,6,6,5,6,5,2,7,6,5,3,5,5,5,5,3,3,3,3,3,3,2,4,4,3,4,1,3,4,4,4,1,4,3,3,3,2,1,2,4,2,3,1,3,3,2,1,2,1,4,4,3,4,1,4,1,5,2,2,3,1,3,1,2,1,2,1,2,2,2,1,2,1,3,3,1,2,3,2,1,2,2,1,1,1,1,1,1,1,1,1,1,1,1,1,1,1,1,1,1,1,1,1,1,1,1,1,1,3,4,2,3,3,1,4,2,2,2,3,2,3,2,4,3,2,2,2,3,2,NA,NA,NA,NA,NA,,2,NA,NA,NA,NA,,2,,NA,NA,2,,,,2,1,2,1,19,Hispanic,Catholic,3,2,8/27/97
44,2,0,0,1,0,0,NA,11/17/2016,11:44:38,short,m,c,1,100,65,32,33,40,18,22,25,17,8,35,0,0,35,338.246155,332.6875,343.636353,151,964,152.133317,0.615385,0.5625,0.666667,-0.095943,-0.095943,-0.09284,0.205087,0.205087,0.198644,101,200,83,42,41,50,31,19,34,26,8,17,0,0,17,499.19278,469.809509,529.292664,156,1346,236.675777,0.60241,0.738095,0.463415,0.256819,0.256819,0.24988,0.1931499,0.19315,0.187732,1,200,148,74,74,90,49,41,59,43,16,52,0,0,52,428.506744,410.513519,446.5,151,1346,210.062219,0.608108,0.662162,0.554054,0.098993,0.098993,0.097531,0.193263,0.193263,0.190534,0,0.34272,44,2,7,5,7,0,9.586950379,11/17/16 9:41,11/17/16 12:17,0,128.111.240.87,100,9344,1,11/17/16 12:17,R_1OvLtxuSM2FWMer,NA,NA,NA,NA,34.4329071,-119.8370972,anonymous,46,SA,NA,3,3,4,1,1,3,6,4,3,5,7,6,3,6,7,7,1,7,7,3,2,6,6,2,2,5,3,2,3,3,2,4,2,2,1,4,1,3,4,3,2,1,1,2,1,1,3,1,3,1,1,1,2,2,2,3,1,1,1,2,1,1,1,3,1,2,5,1,1,4,1,3,1,2,1,1,1,2,1,2,1,3,1,3,1,4,2,2,2,1,2,3,3,1,3,1,1,1,1,1,1,1,1,1,1,1,1,4,4,3,4,3,4,4,1,1,3,1,1,1,1,1,1,1,1,1,1,1,2,1,1,1,1,1,1,1,1,1,2,NA,NA,NA,NA,NA,,2,NA,NA,NA,NA,,2,,NA,NA,1,0,7,1,2,3,2,2,20,Mexican,n/a,1,2,5/1/96
46,1,1,0,0,0,0,NA,11/17/2016,11:47:01,long,c,m,1,100,91,45,46,54,26,28,32,22,10,7,1,1,9,416.835175,427.933319,405.978271,159,1316,219.035962,0.593407,0.577778,0.608696,-0.027833,-0.027833,-0.027231,0.164053,0.164053,0.160442,101,200,82,38,44,37,15,22,24,14,10,18,0,0,18,365.463409,371.473694,360.272736,151,1356,248.88179,0.451219,0.394737,0.5,-9.281799,-0.092818,-0.090368,-9.281799,-0.092818,-0.090368,1,200,173,83,90,91,41,50,56,36,20,25,1,1,27,392.485535,402.084351,383.633331,151,1356,235.064422,0.526012,0.493976,0.555556,-0.053688,-0.053688,-0.053089,0.043222,0.043222,0.042748,0,-0.063137,46,1,5,5,7,0,8.840802372,11/17/16 10:55,11/17/16 12:20,0,128.111.240.91,100,5131,1,11/17/16 12:20,R_3DpbiqvklKMK1cl,NA,NA,NA,NA,34.4329071,-119.8370972,anonymous,43,J.G.,NA,1,1,2,1,1,4,6,2,2,6,7,7,5,6,6,6,1,7,6,4,4,4,4,4,4,3,3,3,4,3,2,2,3,3,2,2,1,2,3,3,3,2,3,3,3,2,3,1,2,2,3,3,1,2,2,1,1,3,1,2,2,2,2,2,2,2,2,1,1,1,1,3,2,1,2,1,1,2,2,2,2,2,1,3,3,1,1,2,1,1,2,4,2,1,1,1,1,1,1,1,1,1,1,1,1,1,1,1,3,2,1,2,2,1,1,1,1,1,1,1,1,1,1,1,1,1,1,1,1,1,1,1,1,1,3,1,1,1,2,NA,NA,NA,NA,NA,,2,NA,NA,NA,NA,,2,,NA,NA,2,,,,2,1,2,2,18,Mexican-American,Roman Catholic,1,1,8/24/98
47,1,1,0,0,1,0,NA,11/17/2016,12:55:03,long,m,c,1,100,90,45,45,48,22,26,28,19,9,10,0,0,10,340.866669,325.177765,356.555542,156,1058,161.722308,0.533333,0.488889,0.577778,-0.077762,-0.077762,-0.076048,0.058457,0.058457,0.057163,101,200,97,49,48,66,35,31,39,29,10,3,0,0,3,371.927826,371.163269,372.708344,172,1084,160.74858,0.680412,0.714286,0.645833,6.8514,0.068514,0.066794,0.329426,0.329426,0.322066,1,200,187,94,93,114,57,57,67,48,19,13,0,0,13,356.978607,349.148926,364.892487,156,1084,161.53267,0.609626,0.606383,0.612903,-0.00595,-0.00595,-0.005869,0.193623,0.193623,0.191506,0,0.142842,47,1,5,5,2,0,5.402391633,11/17/16 9:42,11/17/16 13:21,0,128.111.240.85,100,13122,1,11/17/16 13:21,R_2fvOrUxW0dw436o,NA,NA,NA,NA,34.4329071,-119.8370972,anonymous,50,R.P.J,NA,6,2,2,2,2,4,4,3,4,4,4,3,3,4,4,3,3,4,5,4,3,3,5,3,5,2,5,5,2,2,2,5,2,1,1,5,1,1,5,2,1,2,2,5,1,1,2,1,1,1,5,1,2,1,1,4,1,1,1,1,2,2,2,1,1,2,2,3,2,1,1,3,1,1,1,4,1,2,4,1,2,5,1,3,5,1,4,2,5,1,1,4,1,1,1,1,1,1,1,1,1,1,1,1,1,1,1,1,1,1,1,1,1,1,1,1,1,1,1,2,1,1,2,1,1,1,1,2,2,3,1,1,1,1,3,1,1,1,2,NA,NA,NA,NA,NA,,2,NA,NA,NA,NA,,2,,NA,NA,1,1,2,6,1,1,2,1,20,Hispanic,Catholic,5,5,4/23/96
48,2,1,1,1,1,1,NA,11/17/2016,12:58:15,long,m,c,1,100,100,50,50,79,39,40,40,30,10,0,0,0,0,447.779999,434.140015,461.420013,204,989,144.022275,0.79,0.78,0.8,-0.026194,-0.026194,-0.025183,0.575866,0.575866,0.561082,101,200,100,50,50,86,46,40,40,30,10,0,0,0,0,486.140015,443.920013,528.359985,172,1009,166.614963,0.86,0.92,0.8,0.229319,0.229319,0.213987,0.8313789,0.831379,0.800253,1,200,200,100,100,165,85,80,80,60,20,0,0,0,0,466.959991,439.029999,494.890015,172,1009,156.522634,0.825,0.85,0.8,0.075634,0.075634,0.073796,0.677694,0.677694,0.667838,1,0.23917,48,2,4,4,2,1,9.982805095,11/17/16 12:34,11/17/16 13:22,0,128.111.240.91,100,2882,1,11/17/16 13:22,R_2RaIH6x8QnRUZVz,NA,NA,NA,NA,34.4329071,-119.8370972,anonymous,47,JB,NA,1,2,3,1,1,6,1,1,5,2,2,2,6,7,7,6,1,7,6,6,6,4,4,5,4,2,4,3,2,4,1,4,1,2,2,4,1,1,4,4,1,1,4,4,1,1,2,1,2,1,4,3,1,1,1,3,1,2,1,1,1,3,2,2,1,2,4,3,1,1,1,5,1,2,4,5,1,2,3,1,1,5,1,1,4,1,2,3,4,1,1,7,6,6,4,3,4,2,2,2,1,1,1,1,1,1,1,1,1,1,1,1,1,1,2,1,1,1,1,2,2,1,2,1,1,1,2,3,3,1,1,1,2,3,1,1,1,1,2,NA,NA,NA,NA,NA,,2,NA,NA,NA,NA,,1,2,1,0,1,1,4,0,1,1,1,2,19,Mexican/American/White,N/A,4,4,12/15/96
49,2,1,1,1,1,1,NA,11/17/2016,1:05:33,short,c,m,1,100,100,50,50,90,43,47,40,30,10,0,0,0,0,498.75,486.519989,510.980011,222,1145,200.829259,0.9,0.86,0.94,-0.203303,-0.203303,-0.184599,0.991674,0.991674,0.948027,101,200,100,50,50,84,45,39,40,30,10,0,0,0,0,503.950012,519.140015,488.76001,235,959,140.409026,0.84,0.9,0.78,0.2022849,0.202285,0.190875,0.7519569,0.751957,0.726774,1,200,200,100,100,174,88,86,80,60,20,0,0,0,0,501.350006,502.829987,499.869995,222,1145,172.856775,0.87,0.88,0.86,0.038466,0.038466,0.037193,0.826836,0.826836,0.812841,1,0.375474,49,2,7,5,5,1,6.990307693,11/17/16 12:15,11/17/16 13:24,0,128.111.240.89,100,4141,1,11/17/16 13:24,R_tWfoadC9P7yXEt3,NA,NA,NA,NA,34.4329071,-119.8370972,anonymous,48,kh,NA,5,3,5,2,3,2,7,5,2,6,7,6,1,6,6,6,2,6,7,4,3,6,5,3,3,5,2,3,5,4,4,3,2,5,4,2,1,4,2,4,5,1,2,2,4,2,5,1,2,4,1,4,2,5,3,1,1,4,1,5,2,2,4,2,4,4,4,1,1,2,1,1,2,4,1,1,1,2,4,4,4,2,1,2,2,2,1,2,1,2,2,4,3,2,1,1,1,1,1,1,1,1,1,1,1,1,1,4,6,6,6,3,1,3,6,2,1,1,4,3,1,2,2,1,2,2,1,1,2,1,1,3,4,3,5,2,1,1,2,NA,NA,NA,NA,NA,,2,NA,NA,NA,NA,,2,,NA,NA,2,,,,3,4,1,2,20,hispanic,catholic,1,1,1/11/96
50,2,1,1,1,1,1,NA,11/17/2016,12:57:49,long,m,c,1,100,98,49,49,68,31,37,38,28,10,1,0,1,2,452.102051,477.795929,426.408173,170,976,149.952012,0.693878,0.632653,0.755102,-0.126466,-0.126466,-0.122991,0.362555,0.362555,0.35413,101,200,99,49,50,78,33,45,38,28,10,1,0,0,1,458.868683,484.897949,433.359985,213,1014,146.213739,0.787879,0.673469,0.9,-0.319923,-0.319924,-0.305044,0.634318,0.634318,0.612605,1,200,197,98,99,146,64,82,76,56,20,2,0,1,3,455.502533,481.346924,429.919189,170,1014,147.760455,0.741117,0.653061,0.828283,-0.204332,-0.204332,-0.200838,0.479033,0.479033,0.472578,1,-0.182053,50,2,8,5,7,1,7.161345687,11/17/16 12:24,11/17/16 13:26,0,128.111.240.87,100,3708,1,11/17/16 13:26,R_3mata8DmtRcVW3W,NA,NA,NA,NA,34.4329071,-119.8370972,anonymous,49,KMC,NA,2,1,2,1,2,2,6,2,2,4,4,5,6,6,6,6,1,6,6,4,4,2,3,4,4,3,4,4,2,2,2,4,1,2,1,5,1,1,5,4,1,1,1,4,1,1,1,1,1,1,4,3,4,2,1,4,1,1,1,3,1,1,1,1,1,1,3,4,1,2,1,5,1,1,1,4,1,5,1,1,1,5,1,2,4,1,4,1,3,1,1,7,7,2,2,6,2,1,4,1,1,1,1,1,1,1,1,1,4,2,1,1,1,1,1,1,1,1,4,1,3,1,4,1,1,1,4,3,1,4,1,2,1,2,4,1,2,1,2,NA,NA,NA,NA,NA,,2,NA,NA,NA,NA,,1,0,0,6,2,,,,1,2,2,2,19,Latina,N/A,2,2,1/8/97
51,2,1,1,1,1,1,NA,11/17/2016,2:14:56,long,m,c,1,100,99,50,49,83,45,38,40,30,10,0,0,1,1,437.757568,426.100006,449.653076,241,983,144.870342,0.838384,0.9,0.77551,0.207926,0.207926,0.196443,0.746317,0.746317,0.721206,101,200,99,50,49,90,48,42,39,30,9,0,0,1,1,365.393951,344.920013,386.285706,216,817,97.565085,0.909091,0.96,0.857143,0.30103,0.30103,0.267237,1.0791809,1.079181,1.020565,1,200,198,100,98,173,93,80,79,60,19,0,0,2,2,401.575745,385.51001,417.969391,216,983,128.370858,0.873737,0.93,0.816327,0.237784,0.237784,0.228563,0.885601,0.885601,0.867187,1,0.070794,51,2,5,7,6,0,4.649750432,11/17/16 13:10,11/17/16 14:36,0,128.111.240.93,100,5166,1,11/17/16 14:36,R_1N9Bq1oZztYpUF6,NA,NA,NA,NA,34.4329071,-119.8370972,anonymous,54,SK,NA,4,4,4,3,4,3,5,2,3,4,4,5,6,5,6,5,1,7,5,3,3,5,5,3,3,3,3,3,3,4,1,3,1,2,1,3,1,2,2,2,2,1,2,2,1,1,2,1,2,2,3,2,1,2,1,1,1,2,1,3,4,2,2,2,2,1,2,1,1,2,1,2,1,2,1,1,1,2,2,2,2,2,1,2,2,2,1,1,2,1,1,4,1,3,3,2,3,3,3,4,1,1,1,1,1,1,1,1,1,1,1,2,1,1,2,2,3,2,2,1,1,1,1,1,1,1,2,1,1,1,1,1,1,1,1,1,1,1,2,NA,NA,NA,NA,NA,,2,NA,NA,NA,NA,,1,2,3,6,1,1,7,0,1,1,2,2,20,mexican,catholic,1,1,12/6/95
53,1,1,1,1,1,1,NA,11/17/2016,2:15:14,short,c,m,1,100,100,50,50,85,43,42,40,30,10,0,0,0,0,560.789978,539.960022,581.619995,275,1191,208.899149,0.85,0.86,0.84,0.034106,0.034106,0.032229,0.754265,0.754265,0.731199,101,200,100,50,50,85,46,39,40,30,10,0,0,0,0,491.799988,450.940002,532.659973,282,1129,147.888232,0.85,0.92,0.78,0.2555129,0.255513,0.239171,0.805185,0.805185,0.77507,1,200,200,100,100,170,89,81,80,60,20,0,0,0,0,526.294983,495.450012,557.140015,275,1191,183.810171,0.85,0.89,0.81,0.139133,0.139133,0.135001,0.768864,0.768864,0.756124,1,0.206942,53,1,5,1,4,1,6.631713903,11/17/16 13:41,11/17/16 14:37,0,128.111.240.89,100,3392,1,11/17/16 14:37,R_3qDbQHwC08Aflyc,NA,NA,NA,NA,34.4329071,-119.8370972,anonymous,51,D.M.,NA,2,3,3,2,1,5,5,4,6,6,5,5,7,5,7,5,1,7,5,5,5,7,6,4,4,3,4,4,3,2,2,4,4,4,4,5,3,2,5,4,4,2,3,4,2,1,2,2,4,3,4,4,4,4,3,4,2,4,3,4,4,2,5,2,2,3,4,4,2,4,2,4,2,4,4,4,4,4,4,3,1,5,4,3,3,3,4,4,5,1,4,8,11,3,3,4,2,3,2,6,1,1,1,1,1,1,1,1,3,2,1,1,1,2,2,1,1,1,4,1,5,2,4,3,3,1,4,5,3,4,3,4,2,4,3,1,4,2,2,NA,NA,NA,NA,NA,,2,NA,NA,NA,NA,,2,,NA,NA,1,8,0,2,1,1,2,1,18,Mexican American,Catholic,3,5,2/23/98
54,2,1,0,0,1,0,NA,11/17/2016,2:14:00,short,c,m,1,100,95,46,49,36,15,21,24,15,9,1,2,2,5,627.821045,658.391296,599.122437,195,1700,293.892339,0.378947,0.326087,0.428571,-0.095166,-0.095166,-0.092786,-0.220105,-0.220105,-0.215193,101,200,100,50,50,78,43,35,40,30,10,0,0,0,0,546.97998,615.400024,478.559998,257,1691,244.135332,0.78,0.86,0.7,0.2101969,0.210197,0.201766,0.5781739,0.578174,0.561662,1,200,195,96,99,114,58,56,64,45,19,1,2,2,5,586.364075,636,538.2323,195,1700,272.434466,0.584615,0.604167,0.565657,0.034462,0.034462,0.034068,0.149182,0.149182,0.147627,0,0.294552,54,2,7,4,4,0,3.191109775,11/17/16 13:30,11/17/16 14:40,0,128.111.240.91,100,4206,1,11/17/16 14:40,R_2cuBkmuxqPoRZWt,NA,NA,NA,NA,34.4329071,-119.8370972,anonymous,55,SM,NA,3,3,5,1,4,2,7,6,1,7,6,7,2,6,7,7,2,7,6,2,2,6,6,5,5,3,3,3,4,2,2,4,2,3,1,5,1,1,5,3,1,1,3,2,1,1,4,1,2,3,4,4,1,3,3,5,1,4,1,3,4,1,4,1,1,2,4,4,1,1,1,4,1,1,1,4,1,3,4,1,1,5,1,4,5,1,4,4,4,1,1,3,4,1,2,1,2,1,1,1,1,1,1,1,4,1,1,1,6,2,1,1,2,1,6,6,1,1,3,1,3,1,4,1,1,1,4,4,2,5,1,1,1,4,5,1,3,1,2,NA,NA,NA,NA,NA,,2,NA,NA,NA,NA,,1,4,2,17,2,,,,1,1,2,2,19,Mexican,Roman Catholic,2,2,9/16/97
55,2,1,1,1,1,1,NA,11/17/2016,2:10:53,short,c,m,1,100,99,50,49,65,38,27,39,29,10,0,1,0,1,751.949524,740.080017,764.061218,174,2093,451.140023,0.656566,0.76,0.55102,0.205831,0.205831,0.2007,0.294772,0.294772,0.28785,101,200,95,47,48,56,33,23,37,28,9,2,3,0,5,902.515808,906,899.104187,191,2446,466.818198,0.589474,0.702128,0.479167,0.204299,0.204299,0.199575,0.1680869,0.168087,0.164102,1,200,194,97,97,121,71,50,76,57,19,2,4,0,6,825.68042,820.474243,830.886597,174,2446,463.882708,0.623711,0.731959,0.515464,0.204706,0.204706,0.202231,0.231579,0.231579,0.228829,1,-0.001125,55,2,5,6,6,0,6.645833293,11/17/16 13:28,11/17/16 14:42,0,128.111.240.85,100,4422,1,11/17/16 14:42,R_soGfjujVYZ3FLIB,NA,NA,NA,NA,34.4329071,-119.8370972,anonymous,53,RB,NA,1,1,2,1,5,7,5,1,7,5,6,2,4,7,7,7,1,7,4,1,2,7,7,2,1,5,2,2,5,5,1,2,5,5,2,2,1,4,1,5,5,1,5,2,1,1,5,1,1,5,2,4,1,5,4,2,1,5,1,5,5,1,5,1,5,1,4,1,1,3,1,2,1,4,1,1,1,2,2,4,1,2,1,1,2,2,1,1,1,1,1,7,1,1,1,1,1,1,1,1,1,1,1,1,1,1,1,1,4,14,1,2,1,2,3,1,1,1,4,2,1,2,1,1,5,2,1,1,3,2,4,2,5,2,1,2,2,5,2,NA,NA,NA,NA,NA,,2,NA,NA,NA,NA,,1,0-1,0,0,2,,,,1,2,1,1,18,Mexican,Catholic,3,3,6/12/98
56,1,1,1,1,1,1,NA,11/22/2016,10:22:34,long,m,c,1,100,98,50,48,75,43,32,40,30,10,2,0,0,2,370.76532,358.679993,383.354156,150,722,114.693778,0.765306,0.86,0.666667,0.24367,0.24367,0.234514,0.5447,0.5447,0.528914,101,200,98,50,48,60,37,23,38,30,8,0,0,2,2,459.816315,445.200012,475.041656,206,1065,127.263692,0.612245,0.74,0.479167,0.245235,0.245235,0.239585,0.2090229,0.209023,0.204113,1,200,196,100,96,135,80,55,78,60,18,2,0,2,4,415.290802,401.940002,429.197906,150,1065,128.663294,0.688776,0.8,0.572917,0.237241,0.237241,0.233899,0.364819,0.364819,0.360143,1,0.005071,56,1,5,4,3,1,4.706495571,11/22/16 9:51,11/22/16 10:46,0,128.111.240.91,100,3326,1,11/22/16 10:46,R_rrmahEL47BLFXLX,NA,NA,NA,NA,34.4329071,-119.8370972,anonymous,56,cv,NA,2,1,3,4,1,4,5,4,4,5,3,4,6,7,7,7,1,7,7,2,2,6,7,2,2,4,2,2,3,4,1,3,4,4,3,3,1,4,3,3,4,1,2,3,1,1,4,3,3,4,3,2,2,4,1,1,2,4,3,4,1,2,4,1,3,2,4,2,1,5,1,3,1,2,1,1,2,1,3,4,1,2,1,1,2,5,1,5,2,2,2,6,7,1,1,2,2,2,1,1,1,1,1,1,1,1,1,1,2,3,2,3,2,2,1,1,2,1,2,2,2,3,4,1,2,2,3,3,3,2,3,2,4,3,2,1,5,2,2,NA,NA,NA,NA,NA,,2,NA,NA,NA,NA,,2,,NA,NA,1,0,7,0,1,1,2,2,21,Latina,n/a,2,2,6/5/96
57,2,1,1,1,1,1,NA,11/22/2016,10:25:55,short,c,m,1,100,99,49,50,65,32,33,39,29,10,0,0,1,1,483.131317,482.510193,483.73999,177,1015,143.301663,0.656566,0.653061,0.66,-0.006682,-0.006682,-0.006581,0.281383,0.281383,0.275426,101,200,100,50,50,72,42,30,40,30,10,0,0,0,0,434.959991,406.779999,463.140015,187,1108,143.821784,0.72,0.84,0.6,0.272034,0.272034,0.263212,0.448125,0.448125,0.435758,1,200,199,99,100,137,74,63,79,59,20,0,0,1,1,458.924622,444.262634,473.440002,177,1108,145.212163,0.688442,0.747475,0.63,0.120076,0.120076,0.118437,0.351215,0.351215,0.347179,1,0.269793,57,2,2,3,8,1,4.509931573,11/22/16 9:52,11/22/16 10:51,0,128.111.240.89,100,3529,1,11/22/16 10:51,R_2c5HfqzCpwnbod2,NA,NA,NA,NA,34.4329071,-119.8370972,anonymous,57,JP,NA,2,2,1,1,1,1,6,1,2,7,6,6,3,6,6,6,1,7,6,5,5,3,3,6,6,2,5,5,1,1,1,5,1,1,1,5,1,1,5,2,1,1,1,4,1,1,1,1,1,1,4,1,1,1,1,3,1,1,1,1,1,1,1,1,1,1,2,3,1,2,1,5,1,1,1,3,1,5,2,1,1,5,1,1,5,1,3,1,5,1,1,7,2,1,1,1,1,1,1,1,1,1,1,1,1,1,1,1,1,1,1,1,1,1,3,3,1,1,4,1,3,1,4,1,1,1,4,4,1,5,1,5,1,5,5,1,4,1,2,NA,NA,NA,NA,NA,,2,NA,NA,NA,NA,,1,3,0,12,2,,,,2,4,1,1,18,Mexican-American,Catholic,7,6,6/24/98
64,2,1,1,1,1,1,NA,11/22/2016,11:40:34,short,c,m,1,100,98,48,50,81,43,38,39,29,10,0,0,2,2,448.73468,402.145844,493.459991,229,983,136.897259,0.826531,0.895833,0.76,0.216948,0.216948,0.204788,0.71755,0.71755,0.693339,101,200,100,50,50,81,40,41,40,30,10,0,0,0,0,430.820007,386.779999,474.859985,173,741,107.77346,0.81,0.8,0.82,-2.824099,-0.028241,-0.027029,0.630301,0.630301,0.613295,1,200,198,98,100,162,83,79,79,59,20,0,0,2,2,439.686859,394.306122,484.160004,173,983,123.213395,0.818182,0.846939,0.79,0.08379,0.08379,0.081713,0.659197,0.659197,0.649642,1,-0.231817,64,2,2,2,3,1,6.827766563,11/22/16 11:00,11/22/16 12:14,0,128.111.240.91,100,4443,1,11/22/16 12:14,R_2wHUfZtc4lRmSBP,NA,NA,NA,NA,34.4329071,-119.8370972,anonymous,64,M.M.,NA,1,1,1,1,1,2,6,1,2,5,5,5,7,4,6,7,2,7,7,3,2,5,5,4,4,3,4,3,1,3,2,5,1,3,1,5,1,2,4,2,1,1,2,4,1,1,4,1,2,1,3,3,1,4,1,2,1,2,1,2,1,2,1,1,1,1,3,3,1,5,1,4,1,1,1,3,1,3,3,1,1,5,1,1,5,2,3,1,4,1,2,4,1,1,1,1,1,1,1,1,1,1,1,1,1,1,1,1,NA,1,1,1,1,1,1,1,1,1,4,1,1,1,3,1,1,1,2,3,1,1,1,3,1,4,3,1,2,1,2,NA,NA,NA,NA,NA,,2,NA,NA,NA,NA,,2,,NA,NA,1,2,4,3,2,2,1,2,18,Mexican American,Chatholic,1,2,2/8/98
65,1,1,1,1,1,1,NA,11/22/2016,12:48:28,short,c,m,1,100,92,46,46,64,36,28,38,28,10,0,8,0,8,1324.445679,1316.217407,1332.67395,824,2283,338.095389,0.695652,0.782609,0.608696,0.182208,0.182208,0.176715,0.374094,0.374094,0.364388,101,200,96,49,47,67,41,26,37,29,8,0,3,1,4,1191.375,1134.714233,1250.446777,671,2417,339.020552,0.697917,0.836735,0.553191,0.30847,0.30847,0.298911,0.401224,0.401224,0.389718,1,200,188,95,93,131,77,54,75,57,18,0,11,1,12,1256.494629,1222.599976,1291.118286,671,2417,343.840189,0.696809,0.810526,0.580645,0.244945,0.244945,0.241165,0.386274,0.386274,0.380965,1,0.122196,65,1,5,5,4,0,10.62884014,11/22/16 12:28,11/22/16 13:22,0,128.111.240.91,100,3186,1,11/22/16 13:22,R_2A14isxjREQUXxO,NA,NA,NA,NA,34.4329071,-119.8370972,anonymous,65,TH,NA,3,3,4,5,2,3,5,2,6,5,4,3,6,6,6,6,2,6,6,5,5,4,5,4,4,4,3,3,4,5,1,3,4,2,1,3,1,2,2,1,4,1,1,1,1,2,3,1,3,1,3,4,1,4,2,2,1,2,1,3,2,2,2,1,2,1,5,2,1,4,2,1,1,3,3,1,1,1,3,3,1,1,1,3,1,3,1,3,2,3,4,6,6,6,3,6,4,4,1,2,1,1,1,1,1,1,1,1,2,3,3,3,3,1,1,3,3,1,1,2,1,1,1,3,1,1,1,1,2,2,3,1,2,1,1,1,1,1,2,NA,NA,NA,NA,NA,,2,NA,NA,NA,NA,,1,2,0,0,2,,,,1,1,2,2,18,Black,none,1,1,2/4/98
66,2,1,1,1,1,1,NA,11/22/2016,2:07:47,short,m,c,1,100,100,50,50,72,40,32,40,30,10,0,0,0,0,532.109985,568.859985,495.359985,180,1579,278.766254,0.72,0.8,0.64,0.176091,0.176091,0.170777,0.425969,0.425969,0.415489,101,200,97,49,48,77,44,33,40,30,10,1,1,1,3,589.690735,600.959167,578.1875,198,1925,301.168209,0.793814,0.897959,0.6875,0.30103,0.30103,0.286642,0.643453,0.643453,0.621355,1,200,197,99,98,149,84,65,80,60,20,1,1,1,3,560.461914,584.747498,535.928589,180,1925,290.867106,0.756345,0.848485,0.663265,0.226894,0.226894,0.222664,0.521294,0.521294,0.513861,1,0.115865,66,2,7,5,5,0,4.841830709,11/22/16 13:30,11/22/16 14:38,0,128.111.240.91,100,4080,1,11/22/16 14:38,R_tQlKt3c7mNVPtx7,NA,NA,NA,NA,34.4329071,-119.8370972,anonymous,66,JG,NA,1,2,3,1,1,3,6,4,2,6,6,6,4,7,7,6,1,7,7,3,4,4,4,3,3,2,4,3,2,1,1,3,1,2,1,3,1,2,3,3,1,1,1,1,1,1,2,1,1,2,3,1,1,1,1,1,1,2,1,1,1,1,3,1,2,1,2,3,1,2,1,3,1,2,1,4,1,2,1,1,3,3,1,1,3,1,2,3,2,1,1,3,2,1,1,1,1,1,1,1,1,1,1,1,1,1,1,1,2,1,1,1,1,1,1,1,1,1,2,1,3,1,2,1,3,1,2,2,1,2,1,2,1,2,3,1,3,2,2,NA,NA,NA,NA,NA,,2,NA,NA,NA,NA,,2,,NA,NA,1,1,3,0,2,5,2,2,19,Mexican American,Catholic,3,3,5/5/97
67,2,1,1,1,1,1,NA,11/22/2016,2:11:18,long,c,m,1,100,100,50,50,75,38,37,40,30,10,0,0,0,0,475.220001,464.660004,485.779999,208,1096,154.18961,0.75,0.76,0.74,0.023172,0.023172,0.022427,0.47743,0.47743,0.466124,101,200,99,50,49,70,40,30,40,30,10,0,0,1,1,456.373749,445.160004,467.816315,180,931,153.103819,0.707071,0.8,0.612245,0.201846,0.201846,0.196,0.400214,0.400214,0.390265,1,200,199,100,99,145,78,67,80,60,20,0,0,1,1,465.844208,454.910004,476.888885,180,1096,153.550544,0.728643,0.78,0.676768,0.114374,0.114374,0.112633,0.435298,0.435298,0.430054,1,0.173573,67,2,2,2,2,1,7.915114549,11/22/16 12:13,11/22/16 14:39,0,128.111.240.89,100,8709,1,11/22/16 14:39,R_1M3BLx8kZ05wddv,NA,NA,NA,NA,34.4329071,-119.8370972,anonymous,67,KB,NA,2,3,3,1,1,5,6,2,2,6,4,6,6,5,6,5,1,7,6,3,3,2,5,3,4,2,3,3,4,1,1,4,1,2,1,3,1,1,4,4,1,1,1,2,1,2,2,1,1,1,4,1,3,3,1,2,1,1,1,1,3,1,1,1,1,1,4,1,1,2,1,5,1,1,1,3,1,4,4,1,1,4,1,1,3,2,2,2,3,1,1,6,3,4,4,4,2,1,1,1,1,1,1,1,1,1,1,1,1,3,1,1,1,1,4,1,1,1,1,2,4,1,1,1,1,1,4,3,2,3,1,1,1,1,1,1,1,1,2,NA,NA,NA,NA,NA,,2,NA,NA,NA,NA,,1,0,0,4,1,0,6,0,1,3,2,2,19,Hispanic,Catholic,3,NA,7/21/97
70,2,1,1,1,1,1,NA,11/22/2016,2:11:16,short,m,c,1,100,99,50,49,78,41,37,39,29,10,0,0,1,1,632.656555,653.559998,611.326538,206,1888,294.600437,0.787879,0.82,0.755102,0.08476,0.08476,0.081602,0.573781,0.573781,0.558723,101,200,98,49,49,76,44,32,40,30,10,0,0,2,2,632.173462,586.918396,677.428589,381,1479,226.888974,0.77551,0.897959,0.653061,0.3348909,0.334891,0.319576,0.609592,0.609592,0.588421,1,200,197,99,98,154,85,69,79,59,20,0,0,3,3,632.41626,620.575745,644.377563,206,1888,262.272116,0.781726,0.858586,0.704082,0.20342,0.20342,0.199218,0.579871,0.579871,0.57138,1,0.237974,70,2,7,7,7,0,12.02674961,11/22/16 9:54,11/22/16 14:40,0,128.111.240.85,100,17180,1,11/22/16 14:40,R_1mEPiaDLJsdLZMM,NA,NA,NA,NA,34.4329071,-119.8370972,anonymous,70,ZL,NA,3,3,3,2,1,5,5,4,1,6,5,5,3,6,7,7,1,7,5,2,2,6,6,3,2,5,3,3,4,1,1,5,1,1,1,4,1,1,5,4,1,1,2,5,1,1,1,2,2,2,5,4,1,1,1,4,1,1,1,2,3,1,1,1,1,1,1,5,1,2,1,5,2,1,1,5,1,5,1,1,1,5,1,1,5,1,3,1,4,1,1,8,10,3,2,3,3,1,1,1,1,1,1,1,1,1,1,1,2,1,1,1,1,1,1,1,1,1,3,2,5,1,4,1,1,1,5,5,1,2,1,4,1,5,5,2,5,1,2,NA,NA,NA,NA,NA,,2,NA,NA,NA,NA,,2,,NA,NA,2,,,,1,2,1,2,18,Mexican American,Jehovah's witness,1,1,9/21/98
72,2,1,1,1,1,1,NA,11/23/2016,11:22:46,long,m,c,1,100,99,50,49,87,44,43,40,30,10,0,0,1,1,671.575745,711.880005,630.448975,321,2082,333.952156,0.878788,0.88,0.877551,0.004992,0.004992,0.004935,0.860309,0.860309,0.830511,101,200,97,49,48,79,36,43,39,30,9,0,2,1,3,675.773193,711.693848,639.104187,283,2004,311.72474,0.814433,0.734694,0.895833,-0.24607,-0.24607,-0.233084,0.6884289,0.688429,0.665043,1,200,196,99,97,166,80,86,79,60,19,0,2,2,4,673.653076,711.787903,634.731934,283,2082,322.223762,0.846939,0.808081,0.886598,-0.134385,-0.134385,-0.130278,0.758721,0.758721,0.74604,1,-0.238019,72,2,2,6,6,1,8.974120097,11/23/16 10:50,11/23/16 11:58,0,128.111.240.91,100,4096,1,11/23/16 11:58,R_2AHHcCQUUfZosMs,NA,NA,NA,NA,34.4329071,-119.8370972,anonymous,72,PG,NA,3,4,4,1,1,4,5,3,4,5,5,4,4,5,6,6,3,6,6,4,5,4,3,4,3,4,3,3,3,3,1,2,2,4,1,3,1,2,3,4,2,2,3,2,1,1,2,1,2,3,2,3,1,2,1,2,1,2,1,2,3,2,3,1,2,1,3,1,1,1,1,3,1,2,1,2,1,1,4,1,1,2,1,2,2,1,2,2,1,1,2,3,3,1,1,1,1,1,1,1,1,1,1,1,1,1,1,1,1,1,3,3,2,2,1,1,3,1,2,1,2,1,1,1,1,1,3,2,1,2,2,2,2,3,3,1,2,2,2,NA,NA,NA,NA,NA,,2,NA,NA,NA,NA,,1,0,0,4,1,2,4,0,3,1,2,2,21,Hispanic ,Christian,6,4,3/17/95
73,2,1,1,1,1,1,NA,2/13/2017,2:20:26,long,c,m,1,100,95,48,47,79,44,35,40,30,10,0,1,4,5,607.010498,551.770813,663.425537,321,1155,184.741233,0.831579,0.916667,0.744681,0.288253,0.288253,0.270915,0.75314,0.75314,0.724233,101,200,100,50,50,83,43,40,40,30,10,0,0,0,0,459.200012,441.040009,477.359985,267,909,123.382545,0.83,0.86,0.8,9.3155,0.093155,0.088581,0.695215,0.695215,0.674847,1,200,195,98,97,162,87,75,80,60,20,0,1,4,5,531.210266,495.275513,567.515442,267,1155,172.91896,0.830769,0.887755,0.773196,0.182744,0.182744,0.177773,0.715383,0.715383,0.703537,1,-0.182334,73,2,7,4,5,0,9.582168778,2/13/17 12:52,2/13/17 14:47,0,128.111.240.93,100,6899,1,2/13/17 14:47,R_Om6jPRMVqfyWMSd,NA,NA,NA,NA,34.4329071,-119.8370972,anonymous,76,AT,NA,1,1,2,2,1,3,2,1,7,5,6,6,3,6,6,6,1,6,6,2,4,5,5,3,4,1,4,3,4,3,1,4,2,2,1,4,4,2,4,1,1,1,2,4,4,1,3,2,4,1,3,4,5,3,1,3,1,1,1,2,2,4,2,4,2,2,3,3,1,2,1,4,1,1,1,3,1,3,5,1,2,3,4,1,4,4,3,5,3,1,4,6,2,1,3,3,2,3,1,1,1,1,1,1,1,1,1,1,3,6,1,1,6,2,6,4,3,1,2,3,1,1,1,1,1,1,2,4,2,2,1,4,1,4,4,1,2,1,2,NA,NA,NA,NA,NA,,2,NA,NA,NA,NA,,1,1,0,0,2,,,,2,2,2,2,19,Hispanic,Catholic,2,2,5/24/97
74,1,1,1,1,1,1,NA,2/13/2017,2:29:06,short,m,c,1,100,98,50,48,80,44,36,40,30,10,1,0,1,2,328.775513,312.179993,346.0625,171,700,95.88572,0.816327,0.88,0.75,0.19409,0.19409,0.185032,0.671211,0.671211,0.650415,101,200,99,50,49,79,43,36,39,30,9,1,0,0,1,308.727264,280.23999,337.795929,152,660,82.631813,0.79798,0.86,0.734694,0.1730059,0.173006,0.165734,0.615365,0.615365,0.597694,1,200,197,100,97,159,87,72,79,60,19,2,0,1,3,318.7005,296.209991,341.886597,152,700,89.834614,0.807107,0.87,0.742268,0.183092,0.183092,0.178938,0.642484,0.642484,0.632736,1,-0.019298,74,1,NA,NA,NA,0,7.644778243,2/13/17 12:45,2/13/17 14:50,0,128.111.240.89,100,7495,1,2/13/17 14:50,R_9pG7KOtFYyyyvHr,NA,NA,NA,NA,34.4329071,-119.8370972,anonymous,74,M.S,NA,2,2,3,1,1,4,7,2,1,7,4,7,5,6,7,3,1,7,5,5,4,5,5,4,4,2,4,3,2,2,1,3,1,2,2,4,1,1,3,4,1,1,1,4,2,1,2,1,1,1,2,4,1,1,1,1,1,1,1,2,2,1,3,1,1,1,1,2,1,1,1,5,1,1,1,3,1,4,2,1,2,4,1,1,1,1,1,2,4,1,1,4,3,1,1,1,1,1,3,1,1,1,1,1,1,1,1,1,3,2,3,3,3,1,1,1,3,1,4,1,2,1,4,1,1,1,3,2,1,1,1,3,3,4,4,1,3,1,2,NA,NA,NA,NA,NA,,2,NA,NA,NA,NA,,2,,NA,NA,2,,,,2,1,2,2,18,Mexican/American,catholic,NA,1,9/12/98
76,2,1,1,1,1,1,NA,2/13/2017,2:25:29,long,c,m,1,100,99,49,50,76,37,39,40,30,10,0,0,1,1,473.393951,450.816315,495.519989,244,847,130.325298,0.767677,0.755102,0.78,-0.030326,-0.030326,-0.029389,0.519346,0.519346,0.50651,101,200,99,49,50,81,38,43,39,29,10,0,0,1,1,411.141418,401.612244,420.480011,248,954,115.958719,0.818182,0.77551,0.86,-0.12499,-0.12499,-0.119333,0.663381,0.663381,0.644095,1,200,198,98,100,157,75,82,79,59,20,0,0,2,2,442.26767,426.214294,458,244,954,126.89787,0.792929,0.765306,0.82,-0.072604,-0.072604,-0.071202,0.585937,0.585937,0.578081,1,-0.089944,76,2,2,3,3,1,7.623195508,2/13/17 12:49,2/13/17 14:52,0,128.111.240.91,100,7352,1,2/13/17 14:52,R_qOw4WaaFND4188F,NA,NA,NA,NA,34.4329071,-119.8370972,anonymous,73,SL,NA,3,3,3,2,1,5,5,2,3,4,4,5,3,5,6,6,2,6,5,3,5,2,4,4,4,2,4,3,2,1,1,2,1,1,3,2,1,1,3,2,1,1,1,2,1,1,4,1,1,1,1,2,2,4,1,1,2,3,1,1,1,2,1,1,1,2,4,2,1,2,1,2,3,1,2,2,1,2,4,2,1,3,1,2,3,2,3,4,3,1,2,4,1,1,2,1,2,1,2,1,1,1,1,1,1,1,1,1,3,3,1,6,3,1,1,1,1,1,3,2,3,1,3,5,2,1,3,3,4,3,5,2,2,3,4,1,3,1,2,NA,NA,NA,NA,NA,,2,NA,NA,NA,NA,,2,,NA,NA,2,,,,2,1,2,1,18,Latino ,Catholic,4,3,3/22/98
77,2,1,1,1,1,1,NA,2/13/2017,3:36:17,long,m,c,1,100,98,50,48,65,35,30,40,30,10,0,0,2,2,391.877563,405.579987,377.604156,165,1229,167.0168,0.663265,0.7,0.625,0.073064,0.073064,0.071384,0.294913,0.294913,0.288512,101,200,97,47,50,64,34,30,40,30,10,2,0,1,3,440.381439,404.319153,474.279999,160,1189,208.415351,0.659794,0.723404,0.6,0.120722,0.120722,0.11747,0.2968129,0.296813,0.290016,1,200,195,97,98,129,69,60,80,60,20,2,0,3,5,416.005127,404.969086,426.928558,160,1229,189.902289,0.661538,0.71134,0.612245,0.096662,0.096662,0.095423,0.295029,0.295029,0.291717,1,0.046086,77,2,2,5,8,0,4.558014763,2/13/17 15:04,2/13/17 16:01,0,128.111.240.91,100,3437,1,2/13/17 16:01,R_XNGHvVS83999lgR,NA,NA,NA,NA,34.4329071,-119.8370972,anonymous,77,A.S. ,NA,3,2,3,1,1,1,7,2,1,7,7,7,3,7,7,7,1,7,7,5,4,5,6,5,2,3,4,3,4,3,2,2,3,3,1,3,1,4,2,4,5,2,4,1,2,2,3,1,1,3,1,3,2,4,4,1,1,4,1,4,4,3,3,3,3,3,3,1,1,4,1,2,3,3,1,1,1,2,3,1,2,1,2,1,3,3,1,3,1,2,3,4,1,1,2,2,1,1,4,1,1,1,1,2,1,1,3,1,6,14,2,14,1,2,1,1,1,1,4,1,1,2,2,1,1,1,1,4,1,1,1,3,1,4,3,1,1,1,2,NA,NA,NA,NA,NA,,2,NA,NA,NA,NA,,1,1,0,0,2,,,,3,1,2,2,18,Hispanic ,Catholic ,1,1,2/21/98
80,1,1,1,1,1,1,NA,2/14/2017,3:37:09,short,c,m,1,100,97,49,48,78,42,36,40,30,10,0,0,3,3,456.185577,436.346924,476.4375,266,828,117.285831,0.804124,0.857143,0.75,0.150515,0.150515,0.143972,0.627636,0.627636,0.609355,101,200,99,49,50,83,46,37,39,29,10,0,0,1,1,424.191925,408.244904,439.820007,219,620,85.389148,0.838384,0.938776,0.74,0.3656889,0.365689,0.339844,0.8199469,0.819947,0.783541,1,200,196,98,98,161,88,73,79,59,20,0,0,4,4,440.025513,422.295929,457.755096,219,828,103.5508,0.821429,0.897959,0.744898,0.23955,0.23955,0.233003,0.704933,0.704933,0.692751,1,0.195872,80,1,8,5,5,0,9.053264274,2/14/17 14:58,2/14/17 16:03,0,128.111.240.91,100,3930,1,2/14/17 16:03,R_OBwy8GW9jYTdLwd,NA,NA,NA,NA,34.4329071,-119.8370972,anonymous,80,cm,NA,1,3,1,1,1,3,7,1,1,7,4,4,6,3,7,7,1,7,7,2,3,2,3,6,6,3,5,3,2,1,2,5,1,1,1,5,1,1,5,1,1,1,1,5,1,1,1,1,1,1,2,1,1,1,1,4,1,1,1,1,1,1,1,1,1,2,2,1,1,1,1,4,2,1,1,4,1,4,1,1,1,4,1,1,4,1,5,1,5,1,1,4,1,1,1,1,1,1,1,1,1,1,1,1,1,1,1,1,1,2,1,1,1,1,1,1,1,1,3,3,4,1,5,1,1,1,2,1,1,4,1,4,1,5,5,1,5,1,2,NA,NA,NA,NA,NA,,2,NA,NA,NA,NA,,2,,NA,NA,1,2,3,0,2,3,2,2,18,mexican american,catholic,NA,3,4/5/98
81,1,1,1,1,0,0,NA,2/14/2017,3:44:29,long,m,c,1,100,86,44,42,54,31,23,37,27,10,13,0,1,14,465.255829,454.409088,476.619049,159,1122,209.181193,0.627907,0.704545,0.547619,0.147222,0.147222,0.143472,0.230196,0.230196,0.224505,101,200,88,46,42,52,26,26,34,25,9,12,0,0,12,472.045441,468.956512,475.428558,159,1250,216.340029,0.590909,0.565217,0.619048,-4.845499,-0.048455,-0.047135,0.1623979,0.162398,0.158627,1,200,174,90,84,106,57,49,71,52,19,25,0,1,26,468.689667,461.844452,476.023804,159,1250,212.279128,0.609195,0.633333,0.583333,0.045616,0.045616,0.045123,0.191744,0.191744,0.1895,0,-0.190607,81,1,6,5,8,0,5.41670136,2/14/17 14:43,2/14/17 16:06,0,128.111.240.85,100,4999,1,2/14/17 16:06,R_Xjkc1ruTTPlzY1b,NA,NA,NA,NA,34.4329071,-119.8370972,anonymous,84,NM,NA,3,3,3,2,3,1,7,5,1,5,6,6,2,6,6,5,2,6,6,2,3,6,5,3,2,3,3,3,4,3,1,3,4,4,1,3,1,2,2,4,2,1,3,2,1,2,4,1,3,2,2,3,1,2,3,2,1,2,1,4,3,2,3,2,2,2,2,2,1,1,1,3,1,2,2,2,1,2,2,2,1,3,1,3,2,1,4,2,2,1,2,4,2,1,3,3,3,3,2,3,2,2,2,2,2,2,2,2,2,3,2,4,2,2,2,3,3,3,3,2,1,1,1,1,1,1,1,2,2,2,1,1,1,4,4,1,2,1,2,NA,NA,NA,NA,NA,,2,NA,NA,NA,NA,,1,0,0,3,2,,,,1,1,2,2,18,Mexican,Catholic,1,NA,8/3/98
84,2,1,1,1,1,1,NA,2/14/2017,3:40:02,long,m,c,1,100,100,50,50,80,39,41,40,30,10,0,0,0,0,431.299988,420.160004,442.440002,237,911,132.827563,0.8,0.78,0.82,-0.054435,-0.054435,-0.052213,0.604107,0.604107,0.588112,101,200,97,48,49,74,36,38,40,30,10,0,0,3,3,424.061859,422.625,425.469391,211,943,121.539686,0.762887,0.75,0.77551,-3.063499,-0.030635,-0.02969,0.5077559,0.507756,0.495073,1,200,197,98,99,154,75,79,80,60,20,0,0,3,3,427.736053,421.36734,434.040405,211,943,127.039547,0.781726,0.765306,0.79798,-0.041632,-0.041632,-0.040867,0.554965,0.554965,0.547746,1,0.022523,84,2,4,7,5,0,3.961173249,2/14/17 14:45,2/14/17 16:10,0,128.111.240.89,100,5113,1,2/14/17 16:10,R_1cYTAP8b9Um3S2V,NA,NA,NA,NA,34.4329071,-119.8370972,anonymous,81,dr,NA,4,4,5,5,2,3,6,5,2,6,2,5,6,6,6,6,1,7,7,5,5,6,6,5,5,3,3,3,4,4,1,2,1,3,1,3,1,1,3,2,2,1,2,2,1,1,4,1,1,1,2,2,1,3,2,1,1,1,1,2,5,1,2,1,2,1,1,1,1,2,1,1,1,1,1,2,1,2,2,3,1,1,1,1,3,2,1,1,2,2,1,6,3,2,2,2,2,2,4,3,1,3,1,1,1,1,2,3,4,3,2,2,4,3,2,1,4,4,4,3,2,2,4,1,1,1,2,3,1,3,1,3,1,4,3,NA,3,1,2,NA,NA,NA,NA,NA,,2,NA,NA,NA,NA,,1,3,4,3,2,,,,4,1,2,1,19,Hispanic,Catholic,3,3,1/19/98
85,2,1,1,1,1,1,NA,2/16/2017,12:58:33,short,m,c,1,100,99,49,50,81,42,39,40,30,10,1,0,0,1,505.757568,537.020386,475.119995,158,1374,249.197058,0.818182,0.857143,0.78,0.11424,0.11424,0.108714,0.663912,0.663912,0.644613,101,200,99,50,49,68,36,32,40,30,10,0,1,0,1,628.050476,679.080017,575.979614,171,2198,372.328691,0.686869,0.72,0.653061,6.7737,0.067737,0.06604,0.342438,0.342438,0.334885,1,200,198,99,99,149,78,71,80,60,20,1,1,0,2,566.904053,608.7677,525.040405,158,2198,321.837963,0.752525,0.787879,0.717172,0.082887,0.082887,0.081485,0.486988,0.486988,0.480946,1,-0.042674,85,2,8,6,5,0,10.53306804,2/15/17 9:08,2/16/17 13:22,0,128.111.240.91,100,101642,1,2/16/17 13:22,R_3iCfRJ0efwUgHkE,NA,NA,NA,NA,34.4329071,-119.8370972,anonymous,85,MA,NA,3,3,4,1,1,5,5,3,4,3,3,3,5,5,6,7,2,6,6,2,2,6,6,2,2,4,2,3,4,5,1,3,1,5,1,3,1,4,3,4,4,1,1,3,3,1,1,1,1,2,3,5,1,3,3,1,1,1,1,5,5,1,1,1,4,3,5,2,1,1,1,5,2,2,1,1,5,2,5,1,1,1,1,1,3,2,3,1,3,2,1,4,3,4,1,1,1,1,1,2,1,1,1,1,1,1,1,1,2,1,3,3,2,1,6,6,2,1,2,1,1,1,1,1,1,1,1,1,1,2,1,1,1,2,2,1,1,1,2,NA,NA,NA,NA,NA,,2,NA,NA,NA,NA,,2,,NA,NA,1,0,10,0,1,4,1,2,19,mexican ,catholic,5,3,11/6/97
87,2,1,1,1,1,1,NA,2/16/2017,2:23:47,short,c,m,1,100,100,50,50,82,41,41,39,29,10,0,0,0,0,504.420013,502.700012,506.140015,205,1211,187.050589,0.82,0.82,0.82,0,0,0,0.658541,0.658541,0.640324,101,200,100,50,50,90,46,44,40,30,10,0,0,0,0,565.72998,536.460022,595,214,1452,240.049947,0.9,0.92,0.88,9.7697999,0.097698,0.089397,0.9629999,0.963,0.924844,1,200,200,100,100,172,87,85,79,59,20,0,0,0,0,535.075012,519.580017,550.570007,205,1452,216.83567,0.86,0.87,0.85,0.036124,0.036124,0.03502,0.789452,0.789452,0.776654,1,0.089397,87,2,6,5,7,0,8.607233444,2/16/17 12:36,2/16/17 14:46,0,128.111.240.89,100,7811,1,2/16/17 14:46,R_2qz1Ay1F3xkyPSb,NA,NA,NA,NA,34.4329071,-119.8370972,anonymous,87,AQ,NA,1,2,1,1,1,2,6,2,2,6,5,6,4,6,6,6,2,6,6,6,5,4,3,5,4,2,4,3,2,1,1,4,2,2,1,4,1,1,4,2,1,1,1,3,1,1,1,1,1,1,5,1,1,1,1,3,1,1,1,1,1,1,1,1,1,1,4,3,1,1,1,5,2,1,1,5,1,4,1,1,1,5,1,1,4,1,4,2,4,1,3,4,4,2,3,3,2,3,1,3,1,1,1,1,1,1,1,1,1,1,2,1,2,1,3,2,3,1,4,1,3,1,4,1,1,1,4,3,1,3,1,2,1,3,4,1,3,1,2,NA,NA,NA,NA,NA,,2,NA,NA,NA,NA,,2,,NA,NA,1,3,1,0,1,2,1,2,18,Hispanic,None,1,2,6/24/98
89,2,1,1,1,1,1,NA,2/16/2017,2:21:19,short,c,m,1,100,99,50,49,82,42,40,40,30,10,0,0,1,1,482.454559,479.559998,485.408173,199,909,146.675845,0.828283,0.84,0.816327,0.036171,0.036171,0.034619,0.683988,0.683988,0.664351,101,200,100,50,50,63,33,30,38,28,10,0,0,0,0,427.390015,387.640015,467.140015,152,1342,187.764353,0.63,0.66,0.6,5.5987,0.055987,0.05473,0.232078,0.232078,0.227276,1,200,199,100,99,145,75,70,78,58,20,0,0,1,1,454.783905,433.600006,476.181824,152,1342,170.293859,0.728643,0.75,0.707071,0.047211,0.047211,0.04652,0.429911,0.429911,0.424887,1,0.020111,89,2,2,1,8,0,2.161598006,2/16/17 13:25,2/16/17 14:47,0,128.111.240.85,100,4919,1,2/16/17 14:47,R_2dmaNKGXlnczw01,NA,NA,NA,NA,34.4329071,-119.8370972,anonymous,89,vo,NA,2,2,2,1,1,1,1,1,1,7,5,7,5,7,7,7,1,7,7,2,1,6,6,3,4,1,5,2,3,1,1,4,1,1,1,3,1,1,4,1,1,1,1,4,1,1,2,1,2,1,3,1,1,3,1,2,1,1,1,2,2,2,1,1,1,1,3,3,1,1,1,5,1,1,1,2,1,4,1,1,1,3,1,1,4,2,3,2,2,1,1,5,1,3,1,14,1,4,2,1,1,1,1,1,1,1,1,1,4,4,3,2,1,1,1,1,2,1,4,1,1,1,4,1,1,1,4,4,1,4,1,5,1,5,4,1,4,1,2,NA,NA,NA,NA,NA,,2,NA,NA,NA,NA,,2,,NA,NA,2,,,,1,2,2,2,18,mexican,N/A,1,1,9/18/98
90,2,1,1,1,1,1,NA,2/16/2017,3:33:44,short,m,c,1,100,91,45,46,63,34,29,37,28,9,0,9,0,9,919.186829,870.177795,967.130432,331,2245,388.621207,0.692308,0.755556,0.630435,0.129069,0.129069,0.125169,0.361018,0.361018,0.351953,101,200,92,45,47,60,32,28,36,26,10,0,8,0,8,821.989136,830.244446,814.085083,280,2293,432.263633,0.652174,0.711111,0.595745,0.111401,0.111401,0.10837,0.279806,0.279806,0.27318,1,200,183,90,93,123,66,57,73,54,19,0,17,0,17,870.322388,850.211121,889.784973,280,2293,412.628271,0.672131,0.733333,0.612903,0.11988,0.11988,0.11814,0.319453,0.319453,0.315515,1,-0.016799,90,2,6,1,5,1,8.569708806,2/16/17 13:34,2/16/17 16:01,0,128.111.240.91,100,8795,1,2/16/17 16:01,R_79bdXeryh1MeMbT,NA,NA,NA,NA,34.4329071,-119.8370972,anonymous,90,IMA,NA,2,1,1,1,1,1,7,4,1,7,5,7,4,7,7,6,2,7,6,5,5,5,5,4,5,1,4,4,1,2,1,4,1,1,1,5,1,1,5,2,1,1,2,4,1,1,1,1,1,1,3,1,1,2,1,3,1,1,1,2,1,1,1,1,1,1,1,4,1,1,1,4,1,1,1,2,1,4,1,1,1,3,1,1,4,1,3,1,4,1,1,6,1,1,1,1,1,1,1,1,1,1,1,1,2,1,1,1,1,2,1,1,1,1,1,1,1,1,4,1,3,1,3,1,1,1,3,2,1,1,1,1,1,2,4,1,1,1,2,NA,NA,NA,NA,NA,,2,NA,NA,NA,NA,,1,0,0,0,1,3,0,1,2,2,1,2,18,Hispanic,Atheist,1,3,10/6/98
91,1,1,1,1,1,1,NA,2/16/2017,3:45:31,short,m,c,1,100,99,50,49,69,36,33,40,30,10,1,0,0,1,602.636353,594.900024,610.53064,236,1222,193.931908,0.69697,0.72,0.673469,0.04789,0.04789,0.046682,0.362284,0.362284,0.354243,101,200,97,49,48,63,39,24,39,29,10,1,0,2,3,671.27832,684.979614,657.291687,217,1666,256.818914,0.649485,0.795918,0.5,0.295532,0.295532,0.287704,0.295532,0.295532,0.287704,1,200,196,99,97,132,75,57,79,59,20,2,0,2,4,636.607117,639.484863,633.670105,217,1666,229.52692,0.673469,0.757576,0.587629,0.170518,0.170518,0.168284,0.324332,0.324332,0.320497,1,0.241022,91,1,6,5,7,1,8.657277032,2/16/17 14:58,2/16/17 16:05,0,128.111.240.85,100,4017,1,2/16/17 16:05,R_2YY89ldiXkpFBmK,NA,NA,NA,NA,34.4329071,-119.8370972,anonymous,93,SC,NA,3,4,4,4,3,3,7,2,1,7,6,7,4,7,7,7,1,7,7,2,2,2,6,3,4,4,3,4,5,3,2,4,1,4,3,2,1,1,3,5,2,1,2,2,1,2,3,1,2,3,4,3,1,3,2,3,1,2,1,4,3,2,4,1,3,1,4,2,1,5,1,4,1,3,1,2,1,2,3,2,1,2,1,1,3,3,2,1,2,1,1,4,1,1,2,1,2,1,2,1,1,1,1,1,1,1,1,2,4,2,1,2,1,2,1,2,1,1,3,1,2,2,4,1,1,1,3,3,2,2,1,3,3,4,2,1,2,1,2,NA,NA,NA,NA,NA,,2,NA,NA,NA,NA,,1,3,0,0,2,,,,2,1,2,2,18,Mexican/American,Catholic,4,1,11/8/98
92,2,1,1,1,1,1,NA,2/16/2017,3:41:32,long,c,m,1,100,99,49,50,82,43,39,40,30,10,0,0,1,1,380,375.673462,384.23999,199,742,87.42408,0.828283,0.877551,0.78,0.152823,0.152823,0.144838,0.702495,0.702495,0.680738,101,200,100,50,50,86,44,42,40,30,10,0,0,0,0,369.160004,394.980011,343.339996,244,691,92.131408,0.86,0.88,0.84,7.2570999,0.072571,0.068238,0.79273,0.79273,0.767208,1,200,199,99,100,168,87,81,80,60,20,0,0,1,1,374.552765,385.424255,363.790009,199,742,89.746466,0.844221,0.878788,0.81,0.115303,0.115303,0.111988,0.745035,0.745035,0.733111,1,-0.0766,92,2,5,3,5,1,7.898990276,2/16/17 14:57,2/16/17 16:05,0,128.111.240.87,100,4067,1,2/16/17 16:05,R_2aJGXiVwRGxHGc3,NA,NA,NA,NA,34.4329071,-119.8370972,anonymous,92,SM,NA,2,2,3,1,1,2,6,2,3,6,4,4,3,5,7,6,1,7,6,3,4,5,4,3,3,2,4,3,2,2,1,4,1,2,1,4,1,1,4,3,1,2,1,4,2,1,3,1,2,1,4,1,2,1,1,3,1,2,1,2,1,1,2,1,1,1,3,3,1,3,1,4,1,1,1,3,1,2,2,1,1,3,1,1,1,1,2,1,3,1,1,5,4,6,3,6,6,4,2,3,1,1,1,1,1,1,2,1,3,2,1,1,1,1,3,3,2,1,3,1,1,1,1,1,1,1,1,2,1,3,1,1,1,1,4,1,1,1,2,NA,NA,NA,NA,NA,,2,NA,NA,NA,NA,,2,,NA,NA,1,4,1,0,1,1,2,2,19,Mexican ,Catholic ,3,2,1/16/98
93,1,1,1,1,1,1,NA,2/16/2017,3:37:23,long,c,m,1,100,99,50,49,81,39,42,40,30,10,1,0,0,1,394.121216,382.119995,406.36734,174,990,134.285485,0.818182,0.78,0.857143,-0.11424,-0.11424,-0.108714,0.663912,0.663912,0.644613,101,200,98,50,48,74,41,33,40,30,10,0,0,2,2,416.489807,401.959991,431.625,186,782,115.347279,0.755102,0.82,0.6875,0.158059,0.158059,0.152806,0.5004819,0.500482,0.487519,1,200,197,100,97,155,80,75,80,60,20,1,0,2,3,405.248718,392.040009,418.865967,174,990,125.35503,0.786802,0.8,0.773196,0.034711,0.034711,0.034139,0.567349,0.567349,0.559903,1,0.26152,93,1,5,3,6,0,4.070451436,2/16/17 14:56,2/16/17 16:09,0,128.111.240.89,100,4393,1,2/16/17 16:09,R_31aqV8VMGWD3TNy,NA,NA,NA,NA,34.4329071,-119.8370972,anonymous,91,MM,NA,5,1,1,4,1,4,3,1,7,6,6,4,3,7,7,7,1,7,7,4,4,3,6,4,3,1,4,3,1,1,1,4,2,2,1,4,1,1,3,3,1,1,1,4,5,1,1,1,4,1,1,4,4,5,2,2,2,2,1,1,1,1,1,1,1,1,1,3,1,3,1,3,1,1,1,3,1,4,5,2,1,5,1,1,4,4,3,1,4,1,1,3,3,1,1,1,1,1,1,1,2,1,1,2,1,1,1,2,2,2,1,1,1,1,1,1,1,1,5,2,4,2,5,1,1,1,4,4,1,1,1,4,4,4,4,4,4,2,2,NA,NA,NA,NA,NA,,2,NA,NA,NA,NA,,2,,NA,NA,2,,,,2,1,2,1,18,Mexican American ,catholicism,4,4,9/10/98
94,1,1,1,1,1,1,NA,2/17/2017,9:31:14,long,c,m,1,100,99,49,50,76,30,46,35,25,10,0,0,1,1,529.282837,581.224487,478.380005,247,1596,242.197392,0.767677,0.612245,0.92,-0.431165,-0.431165,-0.409988,0.629533,0.629533,0.604253,101,200,98,49,49,79,35,44,39,29,10,0,1,1,2,550.102051,553.959167,546.244873,261,1297,200.436065,0.806122,0.714286,0.897959,-0.27327,-0.273271,-0.259568,0.671211,0.671211,0.648429,1,200,197,98,99,155,65,90,74,54,20,0,1,2,3,539.639587,567.591858,511.969696,247,1596,221.982065,0.786802,0.663265,0.909091,-0.3528,-0.3528,-0.343864,0.6472,0.6472,0.635061,1,0.15042,94,1,2,5,4,0,7.075452308,2/17/17 9:00,2/17/17 9:56,0,128.111.240.89,100,3364,1,2/17/17 9:56,R_31t4tKxT8zRPE7x,NA,NA,NA,NA,34.4329071,-119.8370972,anonymous,95,FG,NA,3,2,3,3,1,3,5,5,2,5,6,6,2,6,7,6,2,7,7,5,5,5,4,5,5,3,4,4,3,3,1,4,2,3,2,4,2,2,4,3,3,2,2,3,2,2,2,2,2,2,4,3,2,3,3,3,2,2,2,2,2,3,3,3,2,3,3,3,2,3,2,4,2,3,2,3,2,3,3,2,3,3,3,2,3,2,3,2,4,2,2,5,3,3,2,2,2,2,2,2,1,1,1,1,1,1,2,3,4,6,6,14,6,3,3,3,3,1,3,2,1,1,2,1,1,1,1,1,1,2,1,2,2,3,3,1,1,1,2,NA,NA,NA,NA,NA,,2,NA,NA,NA,NA,,2,,NA,NA,1,0,2,0,2,2,2,2,18,Mexican,Catholic,2,2,5/13/98
95,1,0,0,1,0,0,NA,2/17/2017,9:37:54,short,m,c,1,100,49,30,19,38,26,12,24,21,3,51,0,0,51,284.877563,257.766663,327.684204,150,933,106.912088,0.77551,0.866667,0.631579,0.289415,0.289415,0.274092,0.523498,0.523498,0.495941,101,200,85,41,44,55,31,24,31,23,8,15,0,0,15,489.329407,484.658539,493.681824,150,1063,194.820269,0.647059,0.756098,0.545455,0.20609,0.20609,0.199855,0.285271,0.285271,0.277267,1,200,134,71,63,93,57,36,55,44,11,66,0,0,66,414.567169,388.788727,443.619049,150,1063,176.344468,0.69403,0.802817,0.571429,0.242404,0.242404,0.23767,0.367343,0.367343,0.36063,0,-0.074237,95,1,6,5,5,0,10.38276922,2/17/17 9:01,2/17/17 9:57,0,128.111.240.91,100,3354,1,2/17/17 9:57,R_1k0oE1vxnr2h8bG,NA,NA,NA,NA,34.4329071,-119.8370972,anonymous,94,ar,NA,4,2,4,2,3,3,5,4,4,3,5,5,5,6,6,6,3,6,5,5,4,4,5,4,5,5,2,2,4,4,3,3,4,4,3,3,1,4,4,4,5,1,5,2,1,3,4,3,2,4,3,5,1,5,5,3,4,2,3,5,5,5,5,3,4,4,4,3,1,1,1,3,3,4,1,3,1,3,5,4,5,3,3,3,3,3,2,4,2,2,1,4,8,3,2,2,1,1,2,1,1,1,3,2,3,2,2,2,3,2,2,2,2,2,2,2,2,2,2,2,1,2,1,2,2,1,2,1,2,1,1,1,2,2,2,1,1,1,2,NA,NA,NA,NA,NA,,2,NA,NA,NA,NA,,2,,NA,NA,2,,,,3,2,1,2,18,latino,catholic,3,2,8/14/98
97,2,1,1,1,1,1,NA,2/17/2017,10:31:54,short,m,c,1,100,98,49,49,79,43,36,40,30,10,0,1,1,2,430.489807,424.591827,436.387756,179,812,142.572558,0.806122,0.877551,0.734694,0.206479,0.206479,0.196808,0.648838,0.648838,0.628767,101,200,100,50,50,82,45,37,40,30,10,0,0,0,0,464.769989,434.839996,494.700012,182,957,175.826352,0.82,0.9,0.74,0.2499919,0.249992,0.236976,0.70425,0.70425,0.680673,1,200,198,99,99,161,88,73,80,60,20,0,1,1,2,447.80304,429.76767,465.838379,179,957,160.575368,0.813131,0.888889,0.737374,0.22737,0.22737,0.221602,0.67572,0.67572,0.664643,1,0.040168,97,2,1,5,3,1,8.144588592,2/17/17 10:07,2/17/17 10:57,0,128.111.240.91,100,2987,1,2/17/17 10:57,R_12KmY3b4U9pkqT3,NA,NA,NA,NA,34.4329071,-119.8370972,anonymous,97,ML,NA,3,3,4,2,1,2,6,2,2,7,7,7,3,6,7,7,1,7,6,3,2,6,5,3,4,3,4,3,4,3,2,5,1,3,2,4,1,1,4,2,1,1,1,3,2,1,3,1,2,2,4,3,4,1,3,2,1,2,1,4,4,4,1,1,2,1,5,4,1,1,1,5,1,4,2,4,1,3,4,1,1,4,1,1,5,1,2,3,4,1,4,4,3,1,1,1,1,1,1,1,3,3,1,1,1,1,2,3,2,3,6,3,3,2,1,1,3,2,4,2,1,4,4,1,1,1,2,4,3,4,2,2,1,4,4,2,3,1,2,NA,NA,NA,NA,NA,,2,NA,NA,NA,NA,,1,4,0,0,1,0,2,2,3,3,2,2,18,hispanic,catholic,1,1,3/13/98
100,1,1,1,1,1,1,NA,2/21/2017,2:39:04,short,c,m,1,100,97,48,49,84,45,39,40,30,10,0,1,2,3,563.917542,560.125,567.632629,264,1360,208.573639,0.865979,0.9375,0.795918,0.292513,0.292513,0.269268,0.883578,0.883578,0.844676,101,200,100,50,50,79,46,33,40,30,10,0,0,0,0,532.059998,483.980011,580.140015,288,1128,168.974735,0.79,0.92,0.66,0.3863159,0.386316,0.366117,0.674381,0.674381,0.648124,1,200,197,98,99,163,91,72,80,60,20,0,1,2,3,547.746216,521.275513,573.949524,264,1360,189.994172,0.827411,0.928571,0.727273,0.343987,0.343987,0.332677,0.769956,0.769956,0.753683,1,0.096849,100,1,3,5,4,1,8.474158873,2/21/17 12:31,2/21/17 14:57,0,128.111.240.89,100,8744,1,2/21/17 14:57,R_1eFs2Iok1gCSGuR,NA,NA,NA,NA,34.4329071,-119.8370972,anonymous,100,EI,NA,1,1,2,1,1,2,7,4,2,7,7,7,2,7,7,7,1,7,7,4,4,4,4,4,4,1,5,5,2,2,1,3,1,1,1,4,1,1,4,1,1,1,2,3,1,1,1,1,1,1,4,1,2,1,1,4,1,1,1,2,2,1,1,1,1,1,2,3,1,1,1,4,1,1,2,3,1,3,2,1,1,4,1,1,3,1,2,1,4,1,1,4,3,1,1,1,1,1,1,1,1,1,1,1,1,1,1,1,1,1,1,1,1,1,1,1,1,1,2,1,1,1,1,1,1,1,1,1,2,2,1,1,1,2,2,1,2,1,2,NA,NA,NA,NA,NA,,2,NA,NA,NA,NA,,1,3,7,0,2,,,,1,1,2,2,21,hispanic,catholic,1,1,8/31/95
101,2,1,1,1,1,1,NA,2/21/2017,2:40:49,long,m,c,1,100,99,49,50,67,38,29,39,29,10,0,0,1,1,483.161621,470.714294,495.359985,283,769,105.344045,0.676768,0.77551,0.58,0.199106,0.199106,0.19369,0.339285,0.339285,0.331073,101,200,99,50,49,69,37,32,39,29,10,0,0,1,1,516.424255,533.580017,498.918365,331,1008,123.661406,0.69697,0.74,0.653061,8.9778999,0.089779,0.087426,0.36448,0.36448,0.356271,1,200,198,99,99,136,75,61,78,58,20,0,0,2,2,499.792938,502.464661,497.121216,283,1008,115.77418,0.686869,0.757576,0.616162,0.144652,0.144652,0.142683,0.350198,0.350198,0.346098,1,-0.106264,101,2,9,5,7,0,8.269371451,2/21/17 12:30,2/21/17 15:10,0,128.111.240.87,100,9580,1,2/21/17 15:10,R_3QK2DObIEDCwHsl,NA,NA,NA,NA,34.4329071,-119.8370972,anonymous,101,JP,NA,3,3,3,2,2,1,6,4,1,6,5,7,1,7,7,7,1,7,7,5,3,4,6,2,4,2,4,4,2,2,1,4,1,1,1,4,1,1,4,4,1,1,3,4,1,1,1,1,1,1,4,1,1,1,1,3,1,1,1,1,1,1,1,1,1,1,1,4,1,1,1,4,1,1,1,4,1,4,3,1,1,4,1,1,4,1,3,1,5,1,1,2,3,3,2,4,3,4,2,6,1,1,1,1,1,1,1,4,6,6,4,6,3,3,2,2,2,2,3,1,3,1,5,1,1,1,3,5,1,4,1,4,1,5,4,1,3,1,2,NA,NA,NA,NA,NA,,2,NA,NA,NA,NA,,2,,NA,NA,1,0,3,2,1,2,1,1,18,Latino,Christian,1,1,3/21/98
102,2,1,1,1,1,1,NA,2/22/2017,9:30:46,long,c,m,1,100,97,49,48,75,39,36,39,30,9,0,0,3,3,529.690735,551.653076,507.270844,266,1238,172.780199,0.773196,0.795918,0.75,0.056972,0.056972,0.055012,0.534093,0.534093,0.520395,101,200,99,50,49,72,42,30,40,30,10,0,0,1,1,504.727264,495.679993,513.959167,254,901,137.014621,0.727273,0.84,0.612245,0.260896,0.260896,0.252352,0.4592629,0.459263,0.446618,1,200,196,99,97,147,81,66,79,60,19,0,0,4,4,517.081604,523.38385,510.649475,254,1238,156.026455,0.75,0.818182,0.680412,0.162515,0.162515,0.159737,0.490697,0.490697,0.484248,1,0.19734,102,2,8,5,6,0,7.523560003,2/22/17 9:03,2/22/17 9:57,0,128.111.240.91,100,3235,1,2/22/17 9:57,R_PMt2BqAZrIDonzb,NA,NA,NA,NA,34.4329071,-119.8370972,anonymous,102,AR,NA,3,3,4,3,3,2,6,3,2,6,6,6,6,7,7,7,1,7,7,3,3,6,6,4,2,4,3,3,5,3,1,2,2,2,2,3,1,1,2,2,2,2,2,3,1,1,2,2,2,1,2,2,2,2,1,1,2,1,2,3,3,2,2,1,2,1,2,2,4,2,1,3,3,3,2,2,1,2,2,2,2,2,1,2,3,2,2,3,2,1,2,6,2,1,1,1,1,1,1,1,1,1,1,1,1,1,1,3,6,2,3,4,4,6,1,1,1,1,2,2,2,3,3,1,3,1,2,3,1,2,1,3,2,4,2,2,2,2,2,NA,NA,NA,NA,NA,,2,NA,NA,NA,NA,,2,,NA,NA,2,,,,2,2,1,2,18,Latina,Catholic,NA,NA,9/30/98
103,2,1,1,1,1,1,NA,2/24/2017,10:46:04,long,m,c,1,100,97,49,48,81,45,36,39,30,9,0,0,3,3,579.536072,556.306152,603.25,287,1256,187.398029,0.835052,0.918367,0.75,0.287016,0.287016,0.269708,0.764137,0.764137,0.735091,101,200,100,50,50,79,44,35,40,30,10,0,0,0,0,526.890015,491.339996,562.440002,257,914,140.666946,0.79,0.88,0.7,0.2486619,0.248662,0.237775,0.616639,0.616639,0.597672,1,200,197,99,98,160,89,71,79,60,19,0,0,3,3,552.812195,523.494934,582.428589,257,1256,167.333297,0.812183,0.89899,0.72449,0.264748,0.264748,0.25783,0.684642,0.684642,0.672804,1,-0.031933,103,2,9,6,7,0,6.287747644,2/24/17 10:06,2/24/17 11:12,0,128.111.240.89,100,3961,1,2/24/17 11:12,R_2wN69nhP2KVOMR2,NA,NA,NA,NA,34.4329071,-119.8370972,anonymous,104,ML,NA,4,3,4,2,3,2,6,3,2,6,6,7,4,6,7,7,2,7,6,5,5,5,4,5,3,2,5,4,2,3,1,4,1,1,1,5,1,1,4,2,2,3,1,4,1,2,1,1,1,1,4,1,1,1,1,3,1,1,1,2,2,1,1,1,1,2,2,3,1,2,1,4,1,1,1,3,1,4,3,1,1,4,1,1,5,1,4,3,3,1,2,4,6,1,2,1,1,1,1,1,1,1,1,1,1,1,1,3,4,3,3,1,3,3,4,3,2,2,4,2,2,1,5,1,1,1,3,4,3,3,1,3,1,4,3,1,4,1,2,NA,NA,NA,NA,NA,,2,NA,NA,NA,NA,,2,,NA,NA,1,n/a,5,n/a,1,3,2,2,19,Mexican American,Catholic,1,1,2/14/98
104,1,1,1,1,1,1,NA,2/24/2017,10:53:08,short,c,m,1,100,100,50,50,81,44,37,40,30,10,0,0,0,0,410.779999,408.459991,413.100006,183,799,135.665035,0.81,0.88,0.74,0.205522,0.205522,0.195875,0.65978,0.65978,0.639572,101,200,96,48,48,80,42,38,37,28,9,0,1,3,4,399.083344,358.875,439.291656,186,1036,135.456107,0.833333,0.875,0.791667,0.132657,0.132657,0.125602,0.7124409,0.712441,0.689874,1,200,196,98,98,161,86,75,77,58,19,0,1,3,4,405.051025,384.173462,425.928558,183,1036,135.344034,0.821429,0.877551,0.765306,0.170992,0.170992,0.166614,0.684325,0.684325,0.673493,1,-0.070273,104,1,9,1,9,1,12.04159046,2/24/17 10:07,2/24/17 11:13,0,128.111.240.91,100,3940,1,2/24/17 11:13,R_sh6xVG5qS0DVmZb,NA,NA,NA,NA,34.4329071,-119.8370972,anonymous,103,BL,NA,1,1,1,1,1,1,6,1,1,7,5,7,2,6,7,7,1,7,7,6,5,4,4,3,2,1,4,4,2,1,1,4,1,1,1,5,1,1,4,1,1,1,1,4,1,1,1,1,1,1,5,1,1,1,1,4,1,1,1,1,1,1,1,1,1,1,2,2,1,1,1,4,1,1,1,4,1,4,2,1,1,4,1,1,5,1,4,3,4,1,1,7,3,1,1,1,1,1,1,1,1,1,1,1,1,1,1,1,4,1,1,1,1,1,1,1,1,1,5,1,3,1,3,1,1,1,3,5,1,2,1,4,1,5,5,1,4,1,2,NA,NA,NA,NA,NA,,2,NA,NA,NA,NA,,2,,NA,NA,1,0,1,0,1,3,2,2,18,Hispanic,Catholic,3,2,5/26/98
105,2,1,1,1,1,1,NA,2/27/2017,1:20:40,short,m,c,1,100,98,49,49,80,47,33,40,30,10,0,2,0,2,734.510193,617.632629,851.387756,276,1990,408.929108,0.816327,0.959184,0.673469,0.528337,0.528337,0.485596,0.842731,0.842731,0.793157,101,200,96,49,47,82,49,33,39,29,10,0,4,0,4,613.958313,488.591827,744.659546,264,2031,321.90713,0.854167,1,0.702128,Inf,0.658905,0.815979,Inf,1.031291,1.179656,1,200,194,98,96,162,96,66,79,59,20,0,6,0,6,674.855652,553.112244,799.135437,264,2031,371.866391,0.835052,0.979592,0.6875,0.669409,0.669409,0.624033,1.011832,1.011832,0.962555,1,0.330383,105,2,7,2,6,1,9.912184102,2/27/17 12:33,2/27/17 13:44,0,128.111.240.91,100,4298,1,2/27/17 13:44,R_3KnR7FsaSrLmBdT,NA,NA,NA,NA,34.4329071,-119.8370972,anonymous,105,JC,NA,2,2,3,2,2,3,5,3,2,7,7,5,4,7,7,6,1,7,7,6,6,3,3,3,5,2,4,3,3,2,1,3,1,2,2,4,1,1,4,4,1,2,1,4,2,1,2,1,2,1,4,1,2,1,1,3,2,1,1,1,1,1,2,1,1,1,3,2,1,2,1,3,1,1,1,2,1,3,2,1,1,4,1,1,4,1,2,3,4,1,1,3,2,1,1,1,1,1,1,1,1,1,1,1,1,1,1,1,1,1,1,1,1,1,1,1,1,1,3,2,1,1,2,1,1,1,2,3,1,1,1,1,1,2,4,1,2,1,2,NA,NA,NA,NA,NA,,2,NA,NA,NA,NA,,2,,NA,NA,2,,,,2,4,1,1,18,Hispanic/ Mexican,None,3,2,8/3/98
107,1,1,1,1,1,1,NA,2/27/2017,1:28:53,short,m,c,1,100,99,50,49,73,38,35,39,29,10,0,0,1,1,452.242432,458.779999,445.571442,202,1202,173.796705,0.737374,0.76,0.714286,0.051331,0.051331,0.049845,0.449271,0.449271,0.438706,101,200,100,50,50,60,35,25,40,30,10,0,0,0,0,460.160004,479.320007,441,159,972,164.987218,0.6,0.7,0.5,0.183988,0.183988,0.179948,0.183988,0.183988,0.179948,1,200,199,100,99,133,73,60,79,59,20,0,0,1,1,456.2211,469.049988,443.262634,159,1202,169.069286,0.668342,0.73,0.606061,0.122436,0.122436,0.120898,0.309523,0.309523,0.306056,1,0.130103,107,1,3,2,6,1,9.887176685,2/27/17 12:33,2/27/17 13:47,0,128.111.240.89,100,4448,1,2/27/17 13:47,R_2BleWfVt8x9Gwai,NA,NA,NA,NA,34.4329071,-119.8370972,anonymous,107,TQ,NA,2,2,3,1,1,2,6,1,1,6,6,6,3,6,7,4,1,7,4,4,4,4,4,4,4,3,4,4,3,1,1,2,1,1,1,4,1,1,4,3,1,1,1,2,1,1,4,1,1,1,4,2,1,1,1,1,1,1,1,1,1,1,1,1,1,1,4,3,1,3,1,4,3,1,1,3,1,2,2,2,3,3,1,1,1,2,1,1,3,1,1,3,2,1,1,1,1,1,1,1,1,1,1,1,1,1,3,2,3,6,1,4,1,1,1,1,1,1,3,1,1,1,1,1,1,1,1,1,1,1,1,1,1,1,1,1,1,1,2,NA,NA,NA,NA,NA,,2,NA,NA,NA,NA,,1,12,0,0,2,,,,2,1,2,2,19,mexican,catholic,2,2,9/2/97
109,2,1,0,1,1,0,NA,2/27/2017,2:41:57,short,c,m,1,100,96,48,48,65,33,32,33,24,9,4,0,0,4,453.510406,416.229156,490.791656,152,1404,220.979225,0.677083,0.6875,0.666667,0.020696,0.020696,0.020157,0.321726,0.321726,0.314556,101,200,97,49,48,65,31,34,37,27,10,2,0,1,3,480.958771,494.979584,466.645844,161,1357,225.971837,0.670103,0.632653,0.708333,-7.4631,-0.074631,-0.072656,0.31072,0.31072,0.303795,1,200,193,97,96,130,64,66,70,51,19,6,0,1,7,467.305695,456.010315,478.71875,152,1404,223.336564,0.673575,0.659794,0.6875,-0.027378,-0.027378,-0.027003,0.315044,0.315044,0.311518,0,-0.092813,109,2,8,5,9,0,6.54601348,2/27/17 13:57,2/27/17 15:10,0,128.111.240.89,100,4372,1,2/27/17 15:10,R_2ztKWLo4sRkjEHw,NA,NA,NA,NA,34.4329071,-119.8370972,anonymous,109,SF,NA,1,1,1,1,1,5,5,2,2,6,6,4,6,6,6,6,2,6,6,4,5,3,2,4,2,3,4,3,2,2,1,4,1,3,3,4,1,2,5,3,3,2,2,4,4,1,2,2,2,1,4,3,3,2,2,4,1,1,4,2,1,1,2,2,2,2,2,4,3,2,1,4,3,1,3,4,1,4,2,1,3,4,3,2,4,2,3,4,4,2,3,8,2,1,1,1,1,1,1,1,1,1,1,1,3,1,1,1,2,1,1,1,1,1,1,1,1,1,4,1,3,1,3,2,1,1,4,4,1,3,2,3,2,4,4,3,2,1,2,NA,NA,NA,NA,NA,,2,NA,NA,NA,NA,,1,6,0,10,2,,,,1,1,2,1,19,Mexican/Latino,Cathollic,2,2,1/5/98
110,2,1,1,1,0,0,NA,2/27/2017,3:54:06,short,m,c,1,100,99,50,49,77,45,32,40,30,10,0,0,1,1,545.353516,533.859985,557.081604,245,1220,193.346672,0.777778,0.9,0.653061,0.339771,0.339771,0.324402,0.614472,0.614472,0.593247,101,200,83,40,43,59,35,24,33,25,8,1,15,1,17,637.36145,598.625,673.395325,338,1478,249.377511,0.710843,0.875,0.55814,0.3718199,0.37182,0.355367,0.4732779,0.473278,0.454499,1,200,182,90,92,136,80,56,73,55,18,1,15,2,18,587.313171,562.64447,611.445679,245,1478,226.840182,0.747253,0.888889,0.608696,0.355602,0.355602,0.347425,0.547488,0.547488,0.537181,0,0.030965,110,2,9,7,7,1,11.66235714,2/27/17 15:23,2/27/17 16:19,0,128.111.240.89,100,3372,1,2/27/17 16:19,R_2afCxgQorgII75Y,NA,NA,NA,NA,34.4329071,-119.8370972,anonymous,111,mar,NA,3,4,3,2,2,1,7,5,1,7,7,7,1,7,7,7,1,7,7,2,2,7,7,2,4,3,3,3,3,2,1,5,1,2,3,5,1,1,4,2,2,4,1,4,1,2,1,3,3,1,3,3,3,1,1,2,2,3,2,4,2,2,2,1,1,1,2,4,1,2,1,4,1,1,1,3,1,3,2,2,2,2,1,1,4,2,2,1,4,1,3,5,2,2,NA,2,2,2,2,2,2,2,2,2,2,2,2,2,6,3,2,3,2,2,3,2,3,2,2,2,1,1,2,1,1,1,2,2,1,1,1,1,1,1,2,1,2,1,2,NA,NA,NA,NA,NA,,2,NA,NA,NA,NA,,1,0,1,0,2,,,,2,1,2,2,20,Latino,Catholic,4,1,12/22/96
111,1,1,1,1,1,1,NA,2/27/2017,4:00:58,short,m,c,1,100,99,49,50,71,44,27,39,29,10,0,1,0,1,673.565674,639.857117,706.599976,172,2453,392.391017,0.717172,0.897959,0.54,0.437423,0.437423,0.419866,0.507059,0.507059,0.488131,101,200,88,45,43,58,38,20,35,26,9,1,11,0,12,763.170471,775.777771,749.976746,168,2476,403.097758,0.659091,0.844444,0.465116,0.3976919,0.397692,0.384857,0.336994,0.336994,0.325543,1,200,187,94,93,129,82,47,74,55,19,1,12,0,13,715.732605,704.925537,726.655884,168,2476,399.141356,0.68984,0.87234,0.505376,0.412646,0.412646,0.405152,0.421986,0.421986,0.414392,1,-0.035009,111,1,8,7,8,0,2.250013311,2/27/17 13:55,2/27/17 16:25,0,128.111.240.91,100,8971,1,2/27/17 16:25,R_Ycv4TXSXhubZ0mR,NA,NA,NA,NA,34.4329071,-119.8370972,anonymous,110,AP,NA,4,3,4,3,2,2,7,6,1,5,6,6,3,6,7,6,1,7,7,5,5,4,4,4,6,3,3,3,3,3,2,4,3,3,2,5,1,2,5,3,3,1,2,4,1,1,1,1,1,1,3,3,1,2,1,3,1,1,1,2,3,1,2,1,1,1,2,3,1,2,1,4,1,1,1,3,1,4,4,1,2,4,1,2,4,1,1,3,4,1,4,6,3,1,2,2,2,1,1,1,1,1,1,1,1,1,1,1,3,2,1,1,1,1,1,1,1,1,4,1,3,1,4,2,1,1,3,4,2,2,1,5,1,3,2,1,3,1,2,NA,NA,NA,NA,NA,,2,NA,NA,NA,NA,,2,,NA,NA,1,3,2,0,1,1,2,1,19,Latino,catholic,2,1,71097
112,1,1,1,1,1,1,NA,2/28/2017,2:34:36,long,m,c,1,100,100,50,50,75,43,32,40,30,10,0,0,0,0,461.579987,441.5,481.660004,233,741,111.101481,0.75,0.86,0.64,0.269246,0.269246,0.259358,0.519124,0.519124,0.50407,101,200,99,49,50,79,45,34,39,29,10,0,0,1,1,459.030304,447.897949,469.940002,272,818,109.47316,0.79798,0.918367,0.68,0.361897,0.361897,0.342232,0.6892559,0.689256,0.662567,1,200,199,99,100,154,88,66,79,59,20,0,0,1,1,460.311554,444.666656,475.799988,233,818,110.020251,0.773869,0.888889,0.66,0.307512,0.307512,0.300621,0.595578,0.595578,0.585624,1,0.082874,112,1,3,4,6,0,7.986413587,2/28/17 13:36,2/28/17 15:02,0,128.111.240.89,100,5177,1,2/28/17 15:02,R_55uB39AqCOc9E89,NA,NA,NA,NA,34.4329071,-119.8370972,anonymous,114,KD,NA,3,3,3,1,2,1,7,4,1,7,7,7,4,7,7,7,1,7,7,6,5,5,5,4,3,3,3,4,4,2,1,3,1,2,1,4,1,2,4,3,2,1,1,4,1,1,2,1,1,2,3,3,1,2,1,1,1,1,1,1,2,2,2,1,1,1,1,1,1,2,1,4,1,4,1,3,1,4,4,1,1,4,1,1,4,2,2,1,4,1,1,4,1,1,1,1,1,1,2,1,2,1,1,1,1,1,1,3,4,4,4,3,6,3,4,4,6,1,4,1,4,1,4,1,1,1,2,4,1,5,1,3,1,5,5,1,2,1,2,NA,NA,NA,NA,NA,,2,NA,NA,NA,NA,,2,,NA,NA,2,,,,2,2,1,2,20,Mexican American,Catholic,1,1,9/24/96
114,2,1,1,1,1,1,NA,2/28/2017,2:42:09,short,c,m,1,100,97,49,48,80,42,38,39,30,9,0,2,1,3,733.29895,677.326538,790.4375,260,2048,319.970301,0.824742,0.857143,0.791667,0.099184,0.099184,0.094528,0.678967,0.678967,0.6588,101,200,100,50,50,81,45,36,39,30,9,0,0,0,0,680.469971,618,742.940002,319,1706,267.440183,0.81,0.9,0.72,0.272034,0.272034,0.258362,0.682208,0.682208,0.659287,1,200,197,99,98,161,87,74,78,60,18,0,2,1,3,706.482239,647.363647,766.204102,260,2048,295.307005,0.817259,0.878788,0.755102,0.185659,0.185659,0.181054,0.674679,0.674679,0.664044,1,0.163834,114,2,2,7,6,0,9.370154809,2/28/17 13:35,2/28/17 15:08,0,128.111.240.91,100,5597,1,2/28/17 15:08,R_3fZfFZCWzZpg7R0,NA,NA,NA,NA,34.4329071,-119.8370972,anonymous,112,E.C.,NA,3,3,4,3,2,5,5,2,2,6,6,5,6,6,6,6,2,6,6,4,3,4,5,5,5,4,5,4,3,3,2,2,2,2,2,1,1,2,3,1,4,1,4,3,2,1,3,1,1,2,3,3,NA,5,3,3,2,2,1,3,2,2,3,1,2,1,3,3,1,2,1,3,1,2,2,3,2,3,3,3,1,2,5,1,2,2,1,1,2,2,4,4,2,2,2,1,2,1,1,1,2,2,1,1,3,1,1,6,6,6,14,6,14,4,3,3,4,1,3,2,2,3,4,3,2,1,2,4,1,3,1,2,2,4,3,2,2,2,2,NA,NA,NA,NA,NA,,2,NA,NA,NA,NA,,2,,NA,NA,1,0,14,0,2,2,1,2,19,Mexican-American,Atheist,1,1,2/19/98
119,2,0,0,0,0,0,NA,3/2/2017,2:34:23,long,m,c,1,100,35,19,16,14,6,8,9,6,3,65,0,0,65,367.857147,316.894745,428.375,180,884,96.592777,0.4,0.315789,0.5,-0.167896,-0.167896,-0.15871,-0.167896,-0.167896,-0.15871,101,200,50,27,23,26,17,9,20,16,4,49,0,1,50,285.839996,263.148163,312.478271,152,642,77.001425,0.52,0.62963,0.391304,0.2111669,0.211167,0.202747,1.9282,0.019282,0.019102,1,200,85,46,39,40,23,17,29,22,7,114,0,1,115,319.611755,285.347839,360.025635,152,884,91.034595,0.470588,0.5,0.435897,0.055987,0.055987,0.054572,-0.055987,-0.055987,-0.054572,0,0.361457,119,2,2,4,9,0,8.019104114,2003-02-17 12:28,2003-02-17 14:58,0,128.111.240.91,100,8970,1,2003-02-17 14:58,R_2woeqBgCXcghZWw,NA,NA,NA,NA,34.4329071,-119.8370972,anonymous,119,jp,NA,1,1,3,1,1,1,1,5,1,4,4,5,4,5,6,5,5,6,6,4,4,6,4,3,3,3,4,4,3,4,1,3,1,3,1,3,1,2,3,1,3,3,3,2,1,1,4,1,1,3,3,4,1,3,1,2,1,2,1,2,1,1,3,1,1,1,4,3,1,3,1,3,1,2,1,2,1,3,2,2,1,2,1,2,2,3,3,1,3,1,1,8,7,2,3,4,2,2,1,1,1,1,1,1,1,1,1,1,3,1,1,1,1,1,1,1,1,1,4,1,4,1,5,1,1,1,2,4,1,5,1,3,1,4,4,1,5,1,2,NA,NA,NA,NA,NA,,2,NA,NA,NA,NA,,1,6,2,1,1,0,5,2,1,1,2,1,18,latino,n/a,4,4,7/3/98
120,2,1,1,1,1,1,NA,3/2/2017,2:41:30,short,c,m,1,100,100,50,50,86,46,40,40,30,10,0,0,0,0,434.690002,394.339996,475.040009,187,721,116.284977,0.86,0.92,0.8,0.229319,0.229319,0.213987,0.831379,0.831379,0.800253,101,200,98,49,49,88,44,44,40,30,10,0,1,1,2,461.255096,430.775513,491.73468,189,867,128.578421,0.897959,0.897959,0.897959,0,0,0,0.9444829,0.944483,0.907997,1,200,198,99,99,174,90,84,80,60,20,0,1,1,2,447.838379,412.373749,483.30304,187,867,122.993133,0.878788,0.909091,0.848485,0.125906,0.125906,0.1212,0.874094,0.874094,0.857725,1,-0.213987,120,2,5,4,6,1,9.661393156,2003-02-17 12:29,2003-02-17 15:01,0,128.111.240.89,100,9118,1,2003-02-17 15:01,R_1d48k7yCqSqkbDL,NA,NA,NA,NA,34.4329071,-119.8370972,anonymous,120,JB,NA,3,1,1,1,3,5,5,3,5,6,5,5,3,6,6,6,1,7,6,6,5,2,2,6,5,3,3,2,4,2,2,4,1,3,1,4,1,1,1,3,1,2,2,3,1,1,2,2,1,2,4,2,1,1,1,3,2,2,2,2,2,2,2,1,1,1,2,3,1,2,1,4,3,2,1,4,2,3,3,1,3,4,1,1,4,1,4,4,4,1,3,7,7,4,3,4,2,1,1,2,1,1,1,1,1,NA,1,1,2,2,2,2,2,2,2,2,2,2,3,2,2,1,3,2,1,1,3,3,1,2,1,3,1,4,3,1,2,1,2,NA,NA,NA,NA,NA,,2,NA,NA,NA,NA,,1,2,0,4,2,,,,1,1,2,1,18,Mexican,Catholic,2,2,5/16/98
121,2,1,1,1,1,1,NA,3/3/2017,9:31:08,short,m,c,1,100,99,49,50,84,46,38,40,30,10,1,0,0,1,362.242432,347.612244,376.579987,168,841,123.358154,0.848485,0.938776,0.76,0.342517,0.342517,0.317417,0.843119,0.843119,0.805968,101,200,100,50,50,76,42,34,40,30,10,0,0,0,0,407.75,380.140015,435.359985,210,974,159.151562,0.76,0.84,0.68,0.1963999,0.1964,0.189317,0.5237589,0.523759,0.509653,1,200,199,99,100,160,88,72,80,60,20,1,0,0,1,385.110565,364.040405,405.970001,168,974,143.836967,0.80402,0.888889,0.72,0.246458,0.246458,0.240376,0.656632,0.656632,0.645869,1,-0.1281,121,2,5,6,4,0,9.807518898,2003-03-17 9:07,2003-03-17 9:56,0,128.111.240.91,100,2934,1,2003-03-17 9:56,R_1OOXvxBZXxEPc3E,NA,NA,NA,NA,34.4329071,-119.8370972,anonymous,121,sb,NA,4,4,5,4,3,2,7,6,2,7,6,6,4,6,7,7,1,7,7,3,2,5,6,2,2,3,4,3,4,2,2,4,3,3,2,4,2,3,4,4,1,1,2,4,1,1,2,3,4,1,4,3,4,2,2,2,1,1,1,1,2,2,2,1,1,2,3,3,1,1,1,5,4,3,4,4,1,2,3,1,1,4,2,2,4,1,2,2,4,1,3,6,1,1,1,1,1,1,2,1,1,1,1,1,1,1,1,1,4,6,3,4,3,6,4,6,4,1,4,2,3,2,3,3,2,1,2,3,2,4,3,5,2,5,4,2,3,2,2,NA,NA,NA,NA,NA,,2,NA,NA,NA,NA,,2,,NA,NA,1,6,3,5,1,2,1,1,21,Hispanic,Catholic,1,1,5/20/95
122,2,1,1,1,1,1,NA,3/3/2017,9:38:03,long,c,m,1,100,97,50,47,73,42,31,40,30,10,3,0,0,3,484.195862,447.440002,523.297852,163,1030,187.880772,0.752577,0.84,0.659574,0.216459,0.216459,0.209072,0.503701,0.503701,0.489898,101,200,100,50,50,75,39,36,40,30,10,0,0,0,0,511.049988,491.799988,530.299988,169,1011,165.365611,0.75,0.78,0.72,6.9749,0.069749,0.067487,0.4799229,0.479923,0.468412,1,200,197,100,97,148,81,67,80,60,20,3,0,0,3,497.827423,469.619995,526.907227,163,1030,177.041007,0.751269,0.81,0.690722,0.140389,0.140389,0.13806,0.489342,0.489342,0.483063,1,-0.141585,122,2,5,1,9,1,9.490770528,2003-03-17 9:09,2003-03-17 10:00,0,128.111.240.89,100,3056,1,2003-03-17 10:00,R_1j80oz44tD03rrC,NA,NA,NA,NA,34.4329071,-119.8370972,anonymous,122,ss,NA,3,3,3,3,1,4,5,1,4,7,5,4,6,6,7,7,1,7,7,4,4,5,4,4,1,2,5,5,2,1,1,4,1,1,1,4,1,1,3,1,1,1,1,5,1,1,1,1,1,1,4,1,1,2,2,3,1,1,1,1,1,2,1,1,1,1,2,3,1,2,1,3,1,1,1,2,1,5,1,1,1,4,1,2,4,1,4,1,5,1,2,4,1,2,2,2,2,1,2,2,2,2,2,2,2,2,2,2,4,2,2,2,2,2,2,2,2,2,1,1,1,1,4,1,1,1,1,4,1,3,1,1,1,5,3,1,3,1,2,NA,NA,NA,NA,NA,,2,NA,NA,NA,NA,,2,,NA,NA,2,,,,2,1,2,1,23,Mexican American,Catholic,3,3,2/15/94
124,2,1,1,1,1,1,NA,3/7/2017,2:39:38,long,m,c,1,100,95,48,47,83,44,39,38,28,10,0,2,3,5,533.073669,538.395813,527.638306,155,1658,292.824153,0.873684,0.916667,0.829787,0.176709,0.176709,0.163985,0.864684,0.864684,0.831163,101,200,100,50,50,91,45,46,40,30,10,0,0,0,0,402.640015,385.26001,420.019989,201,638,103.574354,0.91,0.9,0.92,-5.322799,-0.053228,-0.048296,1.00747,1.00747,0.965945,1,200,195,98,97,174,89,85,78,58,20,0,2,3,5,466.184601,460.26532,472.164948,155,1658,228.384378,0.892308,0.908163,0.876289,0.072455,0.072455,0.069522,0.922693,0.922693,0.904578,1,-0.212281,124,2,6,5,5,0,11.66242209,2003-07-17 14:03,2003-07-17 15:05,0,128.111.240.87,100,3714,1,2003-07-17 15:05,R_3wPPkbgp3vdeYj7,NA,NA,NA,NA,34.4329071,-119.8370972,anonymous,125,JT,NA,4,4,4,5,1,6,6,4,2,5,5,6,2,6,6,6,1,7,7,2,2,6,6,2,2,4,2,2,4,4,4,3,4,4,4,4,1,5,2,4,4,4,4,1,3,2,4,1,4,4,2,4,4,4,4,1,4,4,2,4,4,4,4,4,4,4,5,2,3,4,1,2,4,4,4,2,4,2,4,4,4,2,4,4,2,3,4,4,2,4,2,5,1,1,2,2,2,1,3,2,1,1,1,2,1,2,3,3,6,4,4,6,4,4,3,4,4,1,3,2,2,4,2,4,4,2,3,2,5,2,3,3,4,3,2,4,2,4,2,NA,NA,NA,NA,NA,,2,NA,NA,NA,NA,,1,6,0,0,1,0,6,0,2,1,2,2,19,Mexican-American,Roman Catholic,2,2,10/8/97
125,1,1,1,1,1,1,NA,3/7/2017,2:47:16,short,c,m,1,100,99,50,49,86,46,40,40,30,10,0,0,1,1,454.888885,455.079987,454.693878,207,787,109.223327,0.868687,0.92,0.816327,0.20644,0.20644,0.192255,0.854258,0.854258,0.821986,101,200,99,49,50,80,39,41,40,30,10,0,0,1,1,447.606049,440.122437,454.940002,232,959,141.191955,0.808081,0.795918,0.82,-3.373799,-0.033738,-0.032458,0.624803,0.624803,0.607866,1,200,198,99,99,166,85,81,80,60,20,0,0,2,2,451.247467,447.676758,454.818176,207,959,125.958653,0.838384,0.858586,0.818182,0.065039,0.065039,0.063306,0.718252,0.718252,0.707292,1,-0.224713,125,1,3,4,5,1,11.17810005,2003-07-17 14:01,2003-07-17 15:11,0,128.111.240.89,100,4219,1,2003-07-17 15:11,R_210XYVvhoKMxtZn,NA,NA,NA,NA,34.4329071,-119.8370972,anonymous,126,ST,NA,2,1,1,1,1,5,5,2,6,3,3,3,7,6,5,5,5,6,6,3,4,4,5,3,4,3,2,3,2,4,2,2,1,4,2,3,1,3,3,4,5,1,2,3,2,1,4,1,1,2,3,4,3,2,4,2,2,3,1,5,3,2,3,2,3,1,4,2,3,2,1,5,1,2,1,2,1,1,2,1,2,4,2,2,5,1,2,3,2,3,1,6,4,4,1,3,4,6,2,2,1,1,1,1,1,1,1,1,1,1,1,1,1,1,2,2,3,2,2,2,3,4,3,2,3,3,2,2,3,4,1,3,4,2,3,2,4,3,2,NA,NA,NA,NA,NA,,2,NA,NA,NA,NA,,1,3,0,8,1,0,2,1,1,2,1,1,18,Mexican,Christian,2,4,4/28/98
126,2,1,1,1,1,1,NA,3/7/2017,2:44:49,long,m,c,1,100,99,50,49,84,45,39,40,30,10,0,0,1,1,388.656555,374.899994,402.693878,221,798,129.3549,0.848485,0.9,0.795918,0.181589,0.181589,0.17112,0.772654,0.772654,0.746528,101,200,100,50,50,84,43,41,40,30,10,0,0,0,0,378.700012,320.420013,436.980011,218,813,122.360165,0.84,0.86,0.82,0.0649,0.064915,0.061552,0.7234559,0.723456,0.701876,1,200,199,100,99,168,88,80,80,60,20,0,0,1,1,383.653259,347.660004,420.010101,218,813,125.687998,0.844221,0.88,0.808081,0.120483,0.120483,0.117136,0.744819,0.744819,0.732897,1,-0.109568,126,2,4,6,4,0,6.120325674,2003-07-17 13:59,2003-07-17 15:13,0,128.111.240.91,100,4465,1,2003-07-17 15:13,R_6ik3HFUcwXgSKnn,NA,NA,NA,NA,34.4329071,-119.8370972,anonymous,124,EO,NA,1,1,1,1,1,5,3,1,7,6,4,4,7,6,6,3,4,5,3,3,3,4,3,5,4,2,3,4,3,1,1,4,1,4,2,4,1,2,4,4,3,2,2,4,2,1,2,1,1,3,3,4,4,3,4,4,1,4,1,3,1,1,3,1,1,1,1,4,1,1,1,3,1,2,3,4,1,1,4,2,2,5,2,4,5,1,3,1,4,1,3,5,2,1,2,1,1,1,1,1,1,1,1,1,1,1,2,1,1,2,1,1,2,1,1,1,2,1,5,1,4,1,3,4,1,1,3,1,1,5,1,2,1,5,4,2,5,1,2,NA,NA,NA,NA,NA,,2,NA,NA,NA,NA,,2,,NA,NA,1,7,0,7,1,2,2,1,18,Hispanic/Latino,Jewish,3,4,5/14/98
127,1,1,1,1,1,1,NA,3/7/2017,3:51:09,short,m,c,1,100,98,48,50,77,43,34,39,29,10,0,1,1,2,506.806122,483.520844,529.159973,214,1245,188.118631,0.785714,0.895833,0.68,0.30357,0.30357,0.288896,0.630929,0.630929,0.609231,101,200,99,49,50,67,44,23,39,30,9,0,0,1,1,549.515137,497.408173,600.580017,253,1637,268.438333,0.676768,0.897959,0.46,0.507059,0.507059,0.488131,0.437423,0.437423,0.419866,1,200,197,97,100,144,87,57,78,59,19,0,1,2,3,528.269043,490.536072,564.869995,214,1637,232.175215,0.730964,0.896907,0.57,0.408556,0.408556,0.39982,0.530963,0.530963,0.520999,1,0.199235,127,1,7,4,6,1,5.364732932,2003-07-17 15:30,2003-07-17 16:16,0,128.111.240.91,100,2751,1,2003-07-17 16:16,R_Y08xgfhN1RXSfRv,NA,NA,NA,NA,34.4329071,-119.8370972,anonymous,127,IEO,NA,4,3,3,1,2,1,7,2,2,7,6,6,4,7,7,7,2,7,7,2,2,6,6,2,2,4,4,2,3,2,1,3,2,2,1,3,1,3,2,2,3,4,2,2,2,1,4,1,3,2,3,4,1,2,2,2,1,2,1,3,2,4,3,2,1,2,2,1,2,3,3,2,3,2,1,1,1,3,3,3,1,2,1,1,3,2,2,3,1,1,2,4,2,6,4,4,3,4,6,6,1,1,1,1,1,1,1,1,4,3,3,6,3,3,1,1,2,1,3,1,1,1,1,1,1,1,1,1,2,1,1,3,2,1,3,1,2,1,2,NA,NA,NA,NA,NA,,2,NA,NA,NA,NA,,2,,NA,NA,2,,,,1,2,1,2,18,mexican ,n/a,1,1,6/25/98
128,1,1,1,1,1,1,NA,3/9/2017,2:30:38,short,m,c,1,100,97,47,50,79,40,39,38,28,10,0,0,3,3,555.577332,536.25531,573.73999,243,1267,212.058065,0.814433,0.851064,0.78,0.103645,0.103645,0.098247,0.653317,0.653317,0.634147,101,200,100,50,50,88,44,44,40,30,10,0,0,0,0,521.059998,513.679993,528.440002,258,1233,182.338503,0.88,0.88,0.88,0,0,0,0.8653009,0.865301,0.835447,1,200,197,97,100,167,84,83,78,58,20,0,0,3,3,538.055847,524.61853,551.090027,243,1267,198.00569,0.847716,0.865979,0.83,0.060853,0.060853,0.058937,0.749483,0.749483,0.737586,1,-0.098247,128,1,8,7,7,0,8.769793385,2003-09-17 13:40,2003-09-17 14:58,0,128.111.240.91,100,4698,1,2003-09-17 14:58,R_2CdfZ16V8JY3bxC,NA,NA,NA,NA,34.4329071,-119.8370972,anonymous,128,JA,NA,3,2,3,1,1,2,6,4,2,6,7,6,2,6,6,6,2,6,6,3,3,6,6,2,3,3,5,5,1,1,2,5,1,1,1,4,1,1,5,2,1,1,2,5,1,1,1,2,2,1,5,1,2,1,2,5,1,1,1,2,1,1,1,1,1,1,3,4,1,1,1,5,1,1,1,4,1,3,2,1,2,4,1,1,5,1,5,1,5,1,1,2,2,1,1,1,1,1,1,1,1,1,1,1,1,1,1,2,6,3,2,3,2,2,2,2,2,2,5,1,5,1,4,1,1,1,4,4,2,1,1,4,2,4,NA,2,5,1,2,NA,NA,NA,NA,NA,,2,NA,NA,NA,NA,,2,,NA,NA,2,,,,1,2,1,2,19,Mexican,Catholic,3,4,3/4/98
129,1,1,1,1,1,1,NA,3/9/2017,2:38:16,long,c,m,1,100,99,49,50,93,48,45,39,29,10,0,0,1,1,436.424255,426.183685,446.459991,236,903,122.466824,0.939394,0.979592,0.9,0.363499,0.363499,0.296001,1.317742,1.317742,1.21365,101,200,100,50,50,96,46,50,40,30,10,0,0,0,0,464.26001,443.76001,484.76001,226,977,142.131439,0.96,0.92,1,NA,-0.319136,-0.49504,Inf,1.379834,1.509281,1,200,199,99,100,189,94,95,79,59,20,0,0,1,1,450.412048,435.060608,465.609985,226,977,133.060122,0.949749,0.949495,0.95,-0.002298,-0.002298,-0.002286,1.276456,1.276456,1.237355,1,-0.791041,129,1,5,1,5,1,10.23279751,2003-09-17 13:41,2003-09-17 15:00,0,128.111.240.89,100,4762,1,2003-09-17 15:00,R_2EyiNxigAMJbk5I,NA,NA,NA,NA,34.4329071,-119.8370972,anonymous,129,MG,NA,2,2,3,2,2,2,6,4,6,6,6,6,4,6,6,6,1,6,6,4,4,4,4,4,4,1,4,3,3,3,1,3,1,3,1,3,1,1,3,3,3,1,1,3,1,1,1,1,2,1,3,2,1,2,1,2,1,1,1,1,2,2,1,1,1,1,3,3,1,3,1,3,1,1,1,2,1,3,2,1,1,2,1,2,3,1,NA,1,3,1,1,3,2,1,1,1,1,1,3,1,1,1,1,1,1,1,1,1,1,1,1,1,2,1,1,1,1,1,3,1,1,1,NA,1,1,1,2,NA,1,2,1,1,1,2,2,1,1,1,2,NA,NA,NA,NA,NA,,2,NA,NA,NA,NA,,1,5,0,0,1,0,4,0,1,1,2,1,20,Hispanic,N/A,2,2,8/31/96
130,2,1,1,1,1,1,NA,3/9/2017,2:39:47,long,c,m,1,100,96,48,48,81,37,44,39,29,10,0,0,4,4,433.354156,417.833344,448.875,189,991,165.22308,0.84375,0.770833,0.916667,-0.257292,-0.257292,-0.240907,0.784101,0.784101,0.75424,101,200,100,50,50,88,46,42,40,30,10,0,0,0,0,359.769989,362.359985,357.179993,219,1085,122.636101,0.88,0.92,0.84,0.170269,0.170269,0.157635,0.890429,0.890429,0.856605,1,200,196,98,98,169,83,86,79,59,20,0,0,4,4,395.811218,389.530609,402.091827,189,1085,149.651119,0.862245,0.846939,0.877551,-0.056165,-0.056165,-0.054376,0.799152,0.799152,0.78573,1,0.398542,130,2,9,7,5,1,10.75315304,2003-09-17 13:42,2003-09-17 15:01,0,128.111.240.87,100,4736,1,2003-09-17 15:01,R_A5JsT4wFpFRavKh,NA,NA,NA,NA,34.4329071,-119.8370972,anonymous,130,N.A.B.,NA,1,1,1,1,1,6,2,2,5,4,5,4,5,6,6,7,1,6,7,5,5,5,5,4,3,3,4,4,2,1,1,4,1,1,1,4,1,1,4,2,1,1,1,3,1,1,1,1,1,1,2,2,1,2,1,2,1,1,1,1,1,1,2,1,2,1,1,3,1,1,1,4,1,1,1,2,1,3,1,1,1,3,1,1,4,1,4,1,3,1,1,7,6,2,1,2,2,2,2,2,1,1,1,1,1,1,1,1,2,1,1,1,1,1,2,1,2,2,3,1,2,1,4,1,1,1,3,3,2,4,1,3,1,4,3,1,4,1,2,NA,NA,NA,NA,NA,,2,NA,NA,NA,NA,,1,0-1,0,0,1,0,02-Jan,0,1,1,2,1,18,mexican american,,2,4,4/30/98
131,2,0,0,1,0,0,NA,3/10/2017,10:56:39,long,c,m,1,100,78,36,42,52,27,25,29,21,8,20,1,1,22,478.807678,478.638885,478.952393,175,1829,215.237574,0.666667,0.75,0.595238,0.154815,0.154815,0.149053,0.322306,0.322306,0.312556,101,200,76,34,42,45,24,21,31,22,9,22,0,2,24,432.302643,424.558838,438.571442,153,1186,184.443855,0.592105,0.705882,0.5,0.190106,0.190106,0.183988,0.190106,0.190106,0.183988,1,200,154,70,84,97,51,46,60,43,17,42,1,3,46,455.857147,452.371429,458.761902,153,1829,200.972246,0.62987,0.728571,0.547619,0.172921,0.172921,0.16989,0.255895,0.255895,0.251882,0,0.034935,131,2,5,3,4,0,10.47381739,2003-10-17 9:08,2003-10-17 9:58,0,128.111.240.89,100,3016,1,2003-10-17 9:59,R_1IDWmj3OaLrwkpW,NA,NA,NA,NA,34.4329071,-119.8370972,anonymous,132,YG,NA,2,1,3,1,1,3,5,1,3,5,6,5,4,6,7,6,2,7,5,3,3,4,5,5,3,1,4,5,2,1,1,3,1,5,1,3,1,1,3,2,1,1,1,4,1,1,2,1,1,1,1,1,1,3,1,1,1,2,1,1,1,1,2,1,1,1,3,1,1,1,1,2,1,1,1,1,1,2,1,2,1,3,1,1,5,2,1,1,3,1,2,7,1,1,3,1,1,1,1,1,1,1,1,1,1,1,1,2,2,2,2,2,2,2,3,2,2,1,3,1,2,1,3,1,1,1,2,3,1,3,1,1,1,1,3,1,1,1,2,NA,NA,NA,NA,NA,,2,NA,NA,NA,NA,,1,1,0,0,1,0,3,0,1,4,1,2,18,Hispanic,Roman Catholic,2,1,8/20/98
132,2,1,1,1,1,1,NA,3/10/2017,9:40:07,short,c,m,1,100,98,50,48,85,44,41,39,30,9,0,1,1,2,766.744873,699.380005,836.916687,349,2267,443.152032,0.867347,0.88,0.854167,0.048808,0.048808,0.04623,0.816494,0.816494,0.789217,101,200,99,49,50,86,42,44,40,30,10,0,1,0,1,641.929321,595.285706,687.640015,293,1883,264.840308,0.868687,0.857143,0.88,-4.3575,-0.043575,-0.041059,0.8217259,0.821726,0.794387,1,200,197,99,98,171,86,85,79,60,19,0,2,1,3,704.020325,647.858582,760.755127,293,2267,369.388534,0.86802,0.868687,0.867347,0.00254,0.00254,0.002525,0.818015,0.818015,0.804157,1,-0.087289,132,2,4,5,6,0,8.499107216,2003-10-17 10:06,2003-10-17 11:21,0,128.111.240.89,100,4544,1,2003-10-17 11:21,R_1repTF2rVyifwMR,NA,NA,NA,NA,34.4329071,-119.8370972,anonymous,131,EM,NA,3,3,4,3,2,1,7,6,2,6,7,7,1,5,7,7,1,7,7,1,5,6,7,4,2,5,2,2,4,3,2,2,1,4,4,1,1,3,1,4,4,2,3,2,1,2,2,2,2,4,2,5,4,4,4,2,4,4,2,2,5,3,4,5,4,4,4,1,3,4,4,4,3,4,4,2,2,2,4,4,5,2,1,5,2,4,2,5,2,4,3,8,2,1,1,1,1,1,1,3,1,3,2,1,3,1,1,3,6,14,6,3,6,4,14,6,14,4,1,3,1,2,3,4,4,2,1,3,4,4,4,5,4,3,4,4,3,3,2,NA,NA,NA,NA,NA,,2,NA,NA,NA,NA,,2,,NA,NA,1,3,0,4,1,2,1,1,23,Mexican-American,Catholic/Agnostic,3,2,2/10/94
133,1,1,1,1,1,1,NA,3/10/2017,10:51:24,long,c,m,1,100,99,49,50,67,42,25,39,29,10,0,0,1,1,602.151489,559.836731,643.619995,293,1378,195.462485,0.676768,0.857143,0.5,0.389076,0.389076,0.376664,0.389076,0.389076,0.376664,101,200,99,49,50,86,42,44,39,29,10,0,0,1,1,558.61615,559.040833,558.200012,317,1274,180.332897,0.868687,0.857143,0.88,-4.3575,-0.043575,-0.041059,0.8217259,0.821726,0.794387,1,200,198,98,100,153,84,69,78,58,20,0,0,2,2,580.38385,559.438782,600.909973,293,1378,188.829332,0.772727,0.857143,0.69,0.215332,0.215332,0.210907,0.562819,0.562819,0.554581,1,-0.417723,133,1,4,5,7,0,4.349809833,2003-10-17 9:07,2003-10-17 11:32,0,128.111.240.91,100,8671,1,2003-10-17 11:32,R_6swpuSUMq1oOpYl,NA,NA,NA,NA,34.4329071,-119.8370972,anonymous,133,JN,NA,3,2,3,3,2,5,5,3,2,7,6,5,5,6,6,7,2,7,6,2,2,5,5,3,2,3,4,3,3,1,1,3,1,2,1,3,1,1,4,2,1,1,1,4,1,1,1,1,1,1,2,1,1,1,1,3,1,1,1,1,2,1,1,1,1,1,2,4,1,2,1,3,1,1,1,3,1,2,2,1,1,3,1,1,3,1,2,2,4,1,2,3,3,1,1,1,1,1,1,1,2,1,1,1,1,1,1,3,3,4,4,3,4,2,1,1,3,1,3,3,1,1,3,1,1,1,2,3,1,3,1,2,1,4,3,1,4,1,2,NA,NA,NA,NA,NA,,2,NA,NA,NA,NA,,1,9,3,8,2,,,,2,2,1,1,19,hispanic,roman catholic,3,3,10/21/97